pdf_name,page,oare_id,link_sim,src_sentence,tgt_sentence
"Barjamovic, G., Hertel, T. & M. Larsen - Ups and Downs. 2011 (preprint).pdf",43,04d757de-27d8-42e3-8ad7-13c929511e0b,0.2519914224169318,POLITICAL HISTORY\n35\nrē’ī and in KTP 10 are linked,"Barjamovic, G., Hertel, T."
"Barjamovic, G., Hertel, T. & M. Larsen - Ups and Downs. 2011 (preprint).pdf",43,04d757de-27d8-42e3-8ad7-13c929511e0b,0.2519914224169318,but\ntheir apparent proximity in time indicates that they were all related. One important group\nof sources for this ‘great western war’ comes from the archives of Šalim-Aššur excavated\nin 1994. A number of texts dating to the active career of Ennam-Aššur son of Šalim-\nAššur refer to the conflict,2011 (preprint).pdf  44      CHAPTER 2\n36\nto the army of Wahšušana being ...
"Barjamovic, G., Hertel, T. & M. Larsen - Ups and Downs. 2011 (preprint).pdf",43,04d757de-27d8-42e3-8ad7-13c929511e0b,0.2519914224169318,and the fact that Ennam-Aššur died in REL 105-106 gives us a\nterminus ante quem for the events.113 In kt 94/k 1406 we are told that travellers from\nWahšušana are held back from going to Šalatuwar,44      CHAPTER 2\n36\nto the army of Wahšušana being ...
"Barjamovic, G., Hertel, T. & M. Larsen - Ups and Downs. 2012 (preprint).pdf",43,04d757de-27d8-42e3-8ad7-13c929511e0b,0.2519914224169318,POLITICAL HISTORY\n35\nrē’ī and in KTP 10 are linked,"Barjamovic, G., Hertel, T."
"Barjamovic, G., Hertel, T. & M. Larsen - Ups and Downs. 2012 (preprint).pdf",43,04d757de-27d8-42e3-8ad7-13c929511e0b,0.2519914224169318,but\ntheir apparent proximity in time indicates that they were all related. One important group\nof sources for this ‘great western war’ comes from the archives of Šalim-Aššur excavated\nin 1994. A number of texts dating to the active career of Ennam-Aššur son of Šalim-\nAššur refer to the conflict,2012 (preprint).pdf  44      CHAPTER 2\n36\nto the army of Wahšušana being ...
"Barjamovic, G., Hertel, T. & M. Larsen - Ups and Downs. 2012 (preprint).pdf",43,04d757de-27d8-42e3-8ad7-13c929511e0b,0.2519914224169318,and the fact that Ennam-Aššur died in REL 105-106 gives us a\nterminus ante quem for the events.113 In kt 94/k 1406 we are told that travellers from\nWahšušana are held back from going to Šalatuwar,44      CHAPTER 2\n36\nto the army of Wahšušana being ...
"Barjamovic, Gojko - A Historical Geography of Anatolia in the Old Assyrian Colony Period. CNIP 38, 2011.pdf",142,90e042f9-588b-c930-d5f8-f627c9de77c0,0.2745305355304069,4.3 TEGARAMA\nimplies that Kussara was located further away from Mamma than Tegarama,"Barjamovic, Gojko - A Historical Geography of Anatolia in the Old Assyrian Colony Period."
"Barjamovic, Gojko - A Historical Geography of Anatolia in the Old Assyrian Colony Period. CNIP 38, 2011.pdf",142,90e042f9-588b-c930-d5f8-f627c9de77c0,0.2745305355304069,though not nec-\nessarily on a direct route.\nThe final text connecting Mamma and Tegarama is a highly complex letter,"CNIP 38, 2011.pdf  141     CHAPTER 4:"
"Barjamovic, Gojko - A Historical Geography of Anatolia in the Old Assyrian Colony Period. CNIP 38, 2011.pdf",142,90e042f9-588b-c930-d5f8-f627c9de77c0,0.2745305355304069,which is trans-\nlated here in its entirety in order to convey the extraordinary situation that led to the author's\njourney between the two cities:\nTo Assur-ennam from Salim-Assur. Out of the 114 textiles that you entrusted to me in\nAssur,THE LANDS EAST OF KANES\nThe purpos...
"Barjamovic, Gojko - A Historical Geography of Anatolia in the Old Assyrian Colony Period. CNIP 38, 2011.pdf",142,90e042f9-588b-c930-d5f8-f627c9de77c0,0.2745305355304069,2 'hand-textiles' were sorted out as ordinary quality. Out of the (remainder),141     CHAPTER 4:
"Barjamovic, Gojko - A Historical Geography of Anatolia in the Old Assyrian Colony Period. CNIP 38, 2011.pdf",142,90e042f9-588b-c930-d5f8-f627c9de77c0,0.2745305355304069,I left\n16 in Mamma in the house of Merali son of Assur-imitti. Thereof,THE LANDS EAST OF KANES\nThe purpos...
"Barjamovic, Gojko - A Historical Geography of Anatolia in the Old Assyrian Colony Period. CNIP 38, 2011.pdf",325,099eb63c-4a3c-4bca-baf4-705a46083a49,0.2029971207448742,but the first time Tuhpiya appears only because a\ntrader in Kuburnat promised to pay his tithe to the Colony in Tuhpiya:\nWe collected l 112 minas of silver,THE LANDS NORTH AND WEST OF KANES\n...
"Barjamovic, Gojko - A Historical Geography of Anatolia in the Old Assyrian Colony Period. CNIP 38, 2011.pdf",325,099eb63c-4a3c-4bca-baf4-705a46083a49,0.2029971207448742,the tithe from PN I son of PN in Kubumat,327     CHAPTER 5:
"Barjamovic, Gojko - A Historical Geography of Ancient Anatolia in the Assyrian Colony Period. CNI 38, 2011.pdf",35,2b421d8a-e794-c07a-d4b0-c0840387263f,0.27425871764942483,1.4 Running the Trade\n17\nin clay and sealed with the name of the addressee written on front. Hundreds of such dis-\npatches are silent witnesses to the use of caravans to carry mail.83\n\nIn addition to the use of the slow caravans to carry mail,"Barjamovic, Gojko - A Historical Geography of Ancient Anatolia in the Assyrian Colony Period."
"Barjamovic, Gojko - A Historical Geography of Ancient Anatolia in the Assyrian Colony Period. CNI 38, 2011.pdf",35,2b421d8a-e794-c07a-d4b0-c0840387263f,0.27425871764942483,We are well. My goods are also well. We\nhave now left Timelkiya.84\nDuring the Ur III Empire,36      CHAPTER 1:
"Barjamovic, Gojko - A Historical Geography of Ancient Anatolia in the Assyrian Colony Period. CNI 38, 2011.pdf",35,2b421d8a-e794-c07a-d4b0-c0840387263f,0.27425871764942483,a system of postal stations,The Infrastructure of Trade\n18\nši...
"Barjamovic, Gojko - A Historical Geography of Ancient Anatolia in the Assyrian Colony Period. CNI 38, 2011.pdf",45,58070538-43d7-4d44-8cdb-cbf1979c7454,0.204171057799077,1.6 Perils of Trade\n27\nIf losses occur in your land,"Barjamovic, Gojko - A Historical Geography of Ancient Anatolia in the Assyrian Colony Period."
"Barjamovic, Gojko - A Historical Geography of Ancient Anatolia in the Assyrian Colony Period. CNI 38, 2011.pdf",45,58070538-43d7-4d44-8cdb-cbf1979c7454,0.204171057799077,you are to investigate them and recompense us. If there is\nbloodshed in your land,"CNI 38, 2011.pdf  46      CHAPTER 1:"
"Barjamovic, Gojko - A Historical Geography of Ancient Anatolia in the Assyrian Colony Period. CNI 38, 2011.pdf",45,58070538-43d7-4d44-8cdb-cbf1979c7454,0.204171057799077,you are to extradite the murderers to us,The Infrastructure of Trade\n28\nte...
"Barjamovic, Gojko - A Historical Geography of Ancient Anatolia in the Assyrian Colony Period. CNI 38, 2011.pdf",45,58070538-43d7-4d44-8cdb-cbf1979c7454,0.204171057799077,how much was lost,The Infrastructure of Trade\n28\nte...
"Barjamovic, Gojko - A Historical Geography of Ancient Anatolia in the Assyrian Colony Period. CNI 38, 2011.pdf",46,1fbda578-84d6-42b5-880b-64eee0328ff8,0.29042544380307794,The Infrastructure of Trade\n28\ntendency to disrupt the trade. The fierce Anatolian winters would come early in some years\nand take the merchants by surprise:\nThe cold has caught up with us,"CNI 38, 2011.pdf  47      1.6  Perils of Trade\n29\nIf the days are cold..."
"Barjamovic, Gojko - A Historical Geography of Ancient Anatolia in the Assyrian Colony Period. CNI 38, 2011.pdf",46,1fbda578-84d6-42b5-880b-64eee0328ff8,0.29042544380307794,and the caravan has suffered hunger. Your message and\nyour donkeys are well. Here the donkeys have been taken out,47      1.6  Perils of Trade\n29\nIf the days are cold...
"Barjamovic, Gojko - A Historical Geography of Ancient Anatolia in the Assyrian Colony Period. CNI 38, 2011.pdf",47,06c83b55-5caa-67d3-fc4d-65b87ee842ff,0.23477100655413652,1.6 Perils of Trade\n29\nIf the days are cold when this merchandise leaves (Assur),"Barjamovic, Gojko - A Historical Geography of Ancient Anatolia in the Assyrian Colony Period."
"Barjamovic, Gojko - A Historical Geography of Ancient Anatolia in the Assyrian Colony Period. CNI 38, 2011.pdf",47,06c83b55-5caa-67d3-fc4d-65b87ee842ff,0.23477100655413652,you must entrust Abu-šalim\nin the care whichever of our brothers that can bring him safely here,"CNI 38, 2011.pdf  48      CHAPTER 1:"
"Barjamovic, Gojko - A Historical Geography of Ancient Anatolia in the Assyrian Colony Period. CNI 38, 2011.pdf",47,06c83b55-5caa-67d3-fc4d-65b87ee842ff,0.23477100655413652,and then let him\ndepart with (him). But if the days are hot he must not depart.126\nDercksen recently discussed the possibility that Assyrian caravans could have travelled dur-\ning the night during the summer months,The Infrastructure of Trade\n30\nTh...
"Barjamovic, Gojko - A Historical Geography of Ancient Anatolia in the Assyrian Colony Period. CNI 38, 2011.pdf",47,06c83b55-5caa-67d3-fc4d-65b87ee842ff,0.23477100655413652,as was common practice in many areas of the Near\nEast until recent times. However,48      CHAPTER 1:
"Barjamovic, Gojko - A Historical Geography of Ancient Anatolia in the Assyrian Colony Period. CNI 38, 2011.pdf",48,2678d89d-992a-4e39-8f5c-ee4a31d5cdf2,0.19082610396165195,The Infrastructure of Trade\n30\nThe problematic word sikkātum,"CNI 38, 2011.pdf  49      1.6  Perils of Trade\n31\npended, and the merc..."
"Barjamovic, Gojko - A Historical Geography of Ancient Anatolia in the Assyrian Colony Period. CNI 38, 2011.pdf",48,2678d89d-992a-4e39-8f5c-ee4a31d5cdf2,0.19082610396165195,the meaning of which has been much discussed,"49      1.6  Perils of Trade\n31\npended, and the merc..."
"Barjamovic, Gojko - A Historical Geography of Ancient Anatolia in the Assyrian Colony Period. CNI 38, 2011.pdf",49,04d757de-27d8-42e3-8ad7-13c929511e0b,0.23441798111299733,1.6 Perils of Trade\n31\npended,"Barjamovic, Gojko - A Historical Geography of Ancient Anatolia in the Assyrian Colony Period."
"Barjamovic, Gojko - A Historical Geography of Ancient Anatolia in the Assyrian Colony Period. CNI 38, 2011.pdf",49,04d757de-27d8-42e3-8ad7-13c929511e0b,0.23441798111299733,and the merchants hope that a new king will re-establish law and order. The king may\nhave died during a festival or a fair,"CNI 38, 2011.pdf  50      CHAPTER 1:"
"Barjamovic, Gojko - A Historical Geography of Ancient Anatolia in the Assyrian Colony Period. CNI 38, 2011.pdf",49,04d757de-27d8-42e3-8ad7-13c929511e0b,0.23441798111299733,causing a fight among different factions fighting for the\nthrone. But his death in war seems more likely in light of the reference to the ensuing conflict.\nThe problem is how to understand the crucial verb maqātum,The Infrastructure of Trade\n32\nth...
"Barjamovic, Gojko - A Historical Geography of Ancient Anatolia in the Assyrian Colony Period. CNI 38, 2011.pdf",49,04d757de-27d8-42e3-8ad7-13c929511e0b,0.23441798111299733,which may equally well be\ntranslated as ‘to fall (upon)’,50      CHAPTER 1:
"Barjamovic, Gojko - A Historical Geography of Ancient Anatolia in the Assyrian Colony Period. CNI 38, 2011.pdf",49,04d757de-27d8-42e3-8ad7-13c929511e0b,0.23441798111299733,and ‘to arrive (suddenly)’.\n\nA number of texts contain the phrase ‘the sikkātum has/is/will turn back’ (tuārum),The Infrastructure of Trade\n32\nth...
"Barjamovic, Gojko - A Historical Geography of Ancient Anatolia in the Assyrian Colony Period. CNI 38, 2011.pdf",56,347142ca-64f5-9315-24f8-75cf8b01c172,0.2571765024095408,38\nAppendix 1:\nAppendix 1.1\nSelected references to guides (rādium)\nKt 87/k 479,"Barjamovic, Gojko - A Historical Geography of Ancient Anatolia in the Assyrian Colony Period."
"Barjamovic, Gojko - A Historical Geography of Ancient Anatolia in the Assyrian Colony Period. CNI 38, 2011.pdf",56,347142ca-64f5-9315-24f8-75cf8b01c172,0.2571765024095408,4-10\nÚ-lu-ma-il5 ra-dí-ú-um ša GAL sí-ki-tim\na-mì-ša-am i-la-kam ak-lam ma-la ù šé-ni-šu\nša-ki-il5-šu\nUlumail,"CNI 38, 2011.pdf  58      CHAPTER 1:"
"Barjamovic, Gojko - A Historical Geography of Ancient Anatolia in the Assyrian Colony Period. CNI 38, 2011.pdf",56,347142ca-64f5-9315-24f8-75cf8b01c172,0.2571765024095408,the guide of the rabi sikkitim will\ngo there,Appendix 1:\n40\nKt n/k 211\na-na b...
"Barjamovic, Gojko - A Historical Geography of Ancient Anatolia in the Assyrian Colony Period. CNI 38, 2011.pdf",57,584131a3-a2d4-49d3-b7ae-96ecb5bad9f6,0.2346677935289835,Appendix 1.1\n39\nI 429\n1/2 GÍN KÙ.BABBAR a-ša tí-tù-ri\na-šu-mì dIM-ba-ni a-dí-in … 7 1/2 GÍN\nKÙ.BABBAR a-ša ma-ṣa-ra-tim áš-qúl 1\n1/2 GÍN KÙ.BABBAR a-na ra-dí-e ša pá-ni\nLi-bur-be-lí ú-ṣú-ú-ni a-dí-in\nI paid half a shekel of silver to the\nbridgekeeper on behalf of Adad-bani … I\npaid 7 1/2 shekels of silver for the guard. I\npaid 1 1/2 shekels of silver for the guides\nwho went out before Libir-Beli.\nICK 1,"Barjamovic, Gojko - A Historical Geography of Ancient Anatolia in the Assyrian Colony Period."
"Barjamovic, Gojko - A Historical Geography of Ancient Anatolia in the Assyrian Colony Period. CNI 38, 2011.pdf",57,584131a3-a2d4-49d3-b7ae-96ecb5bad9f6,0.2346677935289835,15\n1 TÚG Dam-na ù A-šu-la ra-dí-ú ša a-na-\nkam ub-lu-ni-kum … a-šu-mì 1 TÚG ša ra-\ndí-ú ub-lu-ni-ku-ni té-er-ta-kà li-li-kam\nThe guides Damna and Ašula,"CNI 38, 2011.pdf  58      CHAPTER 1:"
"Barjamovic, Gojko - A Historical Geography of Ancient Anatolia in the Assyrian Colony Period. CNI 38, 2011.pdf",57,584131a3-a2d4-49d3-b7ae-96ecb5bad9f6,0.2346677935289835,who are\nhere,Appendix 1:\n40\nKt n/k 211\na-na b...
"Barjamovic, Gojko - A Historical Geography of Ancient Anatolia in the Assyrian Colony Period. CNI 38, 2011.pdf",58,88d3d186-af44-3643-69f5-393624b2dab8,0.30978530261448556,together with\n[…]ṣiya,"Appendix 1:\n42\nBIN 4, 20\nKÙ.BABB..."
"Barjamovic, Gojko - A Historical Geography of Ancient Anatolia in the Assyrian Colony Period. CNI 38, 2011.pdf",59,aec3cdac-816d-46fe-8957-708d10d75ad1,0.3514835470192321,Appendix 1.2\n41\nKt t/k 25\n5 MA.NA URUDU a-na ra-dí-im a-dí-in-\nma a-na ša-pá-at na-ri-im ú-šé-ra-ni mì-ma\na-nim i-na Wa-ah-šu-ša-na a-šu-mì pé-er-dim\nú-ša-qí-il5\nI gave 5 minas of copper to the guide,"Barjamovic, Gojko - A Historical Geography of Ancient Anatolia in the Assyrian Colony Period."
"Barjamovic, Gojko - A Historical Geography of Ancient Anatolia in the Assyrian Colony Period. CNI 38, 2011.pdf",59,aec3cdac-816d-46fe-8957-708d10d75ad1,0.3514835470192321,and he\nled me down to the river. All this was paid in\nWahšušana because of the perdum.\nVS 26,"CNI 38, 2011.pdf  60      CHAPTER 1:"
"Barjamovic, Gojko - A Historical Geography of Ancient Anatolia in the Assyrian Colony Period. CNI 38, 2011.pdf",60,d85421b6-8efa-0ccb-0562-872d794adc6b,0.3298368843360387,Appendix 1:\n42\nBIN 4,"CNI 38, 2011.pdf  61      Appendix 1.3\n43\nKt n/k 171\nAN.NA ma-lá ta-á..."
"Barjamovic, Gojko - A Historical Geography of Ancient Anatolia in the Assyrian Colony Period. CNI 38, 2011.pdf",61,aa1477dc-3aeb-4f76-86c8-0bf1b0007d29,0.2844157917050626,Appendix 1.3\n43\nKt n/k 171\nAN.NA ma-lá ta-áš-a-ma-ni-ni ú šu-ma ša\nšé-ep I-ku-pì-a lu-qú-tí mì-ma ta-ra-dé iš-tí\nba-tí-qí-im té-er-ta-kà li-li-kam-ma\nLet your message come to me with a bātiqum\nabout all the tin you bought and whether\nyou lead in any of my merchandise that was\ntransported by Ikun-piya\nKt n/k 206\ni-na wa-ar-ki-tim i-li-kà-ma um-ma šu-ut-ma\nba-tí-qú-um a-ṣé-er a-bi-a i-ba-ší ṭup-pá-am\nlá-pí-ta-ma lu-ub-lu a-na-ku ú Ú-ṣur-ša-A-\nšur nu-lá-pí-sú-ma um-ma né-nu-ma a-lik\na-ba-tí-qí-im dí-in\nLater he came,"Barjamovic, Gojko - A Historical Geography of Ancient Anatolia in the Assyrian Colony Period."
"Barjamovic, Gojko - A Historical Geography of Ancient Anatolia in the Assyrian Colony Period. CNI 38, 2011.pdf",61,aa1477dc-3aeb-4f76-86c8-0bf1b0007d29,0.2844157917050626,and said,"CNI 38, 2011.pdf  62      CHAPTER 1:"
"Barjamovic, Gojko - A Historical Geography of Ancient Anatolia in the Assyrian Colony Period. CNI 38, 2011.pdf",61,aa1477dc-3aeb-4f76-86c8-0bf1b0007d29,0.2844157917050626,‘There is a bātiqum\n(leaving) for my father. Write a letter so that\nI may bring it’. I myself,"Appendix 1:\n44\nCCT 2, 20\na-ša-me..."
"Barjamovic, Gojko - A Historical Geography of Ancient Anatolia in the Assyrian Colony Period. CNI 38, 2011.pdf",62,e42284e7-ca3b-ebe6-fa77-7d9aba3bbf6e,0.27817514691665235,Appendix 1:\n44\nCCT 2,"CNI 38, 2011.pdf  63      Appendix 1.4\n45\nKt 91/k 549\niš-té-et i-ri-q..."
"Barjamovic, Gojko - A Historical Geography of Ancient Anatolia in the Assyrian Colony Period. CNI 38, 2011.pdf",63,c78a080e-a7ce-465e-adae-f02d047cf0f4,0.39894425581433207,we hired\nsome Kanešites and they will bring it to\nyou in a wagon … pay in all 21 shekels of\nsilver to the Kanešite transporters. Three\nbags of copper are under your seal – in all a\nwagon(load) … Here,"CNI 38, 2011.pdf  64      CHAPTER 1:"
"Barjamovic, Gojko - A Historical Geography of Ancient Anatolia in the Assyrian Colony Period. CNI 38, 2011.pdf",65,4dd22d04-abf4-4186-8739-f0a5cdc52c98,0.3694853374899787,Appendix 1.4\n47\nCCT 5,"Barjamovic, Gojko - A Historical Geography of Ancient Anatolia in the Assyrian Colony Period."
"Barjamovic, Gojko - A Historical Geography of Ancient Anatolia in the Assyrian Colony Period. CNI 38, 2011.pdf",65,4dd22d04-abf4-4186-8739-f0a5cdc52c98,0.3694853374899787,I paid one\nshekel of silver as baksheesh,Appendix 1:\n48\nKt n/k 1501\n1 GÍN...
"Barjamovic, Gojko - A Historical Geography of Ancient Anatolia in the Assyrian Colony Period. CNI 38, 2011.pdf",66,50f8ee73-aa81-b308-2740-946a3ee1d44f,0.4312748346454499,Appendix 1:\n48\nKt n/k 1501\n1 GÍN KÙ.BABBAR a-ša e-ri-qám ša <šu>-\num-ki iš-du-du-ni\n1 shekel of silver to those who drove the\nwagonload of onions.\nKt n/k 1884\n4 na-ru-uq ar-ša-tim 4 na-ru-uq še-um 2šé-na\ne-ri-qá-tim ša e-ṣí-im ṣí-ib-tám i-na-ar-pì-im\ni-du-nu\nThey will pay four sacks of barley,"CNI 38, 2011.pdf  67      Appendix 1.5\n49\nKt 87/k 370\n2 1/2 GÍN KÙ.BA..."
"Barjamovic, Gojko - A Historical Geography of Ancient Anatolia in the Assyrian Colony Period. CNI 38, 2011.pdf",67,4fb0aca8-2ccd-4429-bef1-fe9999ce9b7b,0.3611672285102284,but two of his\ndonkeys with copper he loaded up to (go\nto) Wahšušana,"CNI 38, 2011.pdf  68      CHAPTER 1:"
"Barjamovic, Gojko - A Historical Geography of Ancient Anatolia in the Assyrian Colony Period. CNI 38, 2011.pdf",67,4fb0aca8-2ccd-4429-bef1-fe9999ce9b7b,0.3611672285102284,and I led them out to the\nguardposts on the Ulama-road,Appendix 1:\n50\nKt b/k 665\n11 GÍN...
"Barjamovic, Gojko - A Historical Geography of Ancient Anatolia in the Assyrian Colony Period. CNI 38, 2011.pdf",69,90e042f9-588b-c930-d5f8-f627c9de77c0,0.35265272738701686,and leave together with the envoy\nwho brings the missive.\nOIP 27,"CNI 38, 2011.pdf  68      CHAPTER 1:"
"Barjamovic, Gojko - A Historical Geography of Ancient Anatolia in the Assyrian Colony Period. CNI 38, 2011.pdf",69,90e042f9-588b-c930-d5f8-f627c9de77c0,0.35265272738701686,55\n8 1/2 GÍN KÙ.BABBAR a-ša ma-ṣa-ra-tim\n2 GÍN KÙ.BABBAR a-na ra-dí-im ša a-pá-\nni Li-bur-be-lí ú-ṣú-ú\nI paid half eight and a half shekel of silver\nfor the guard. I paid 2 shekels of silver for\nthe guides who went out before Libur-Bel\n(cf. I 429,Appendix 1:\n50\nKt b/k 665\n11 GÍN...
"Barjamovic, Gojko - A Historical Geography of Ancient Anatolia in the Assyrian Colony Period. CNI 38, 2011.pdf",114,dcd7f5c3-30c7-40cd-95a9-6d3b99571b61,0.2855521422975553,The Lands East of Kaneš\n96\n5 shekels less 1/4 per (talent) came on as dātum-fees,"CNI 38, 2011.pdf  115     4.1  Hahhum\n97\nAlthough the remainder of the..."
"Barjamovic, Gojko - A Historical Geography of Ancient Anatolia in the Assyrian Colony Period. CNI 38, 2011.pdf",114,dcd7f5c3-30c7-40cd-95a9-6d3b99571b61,0.2855521422975553,amounting to 10 5/6 minas less 1\nshekel. The head-tax was 10 shekels. 6 1/2 shekels were the expenses for 2 top-packs\nfrom the City to Qaṭṭara,115     4.1  Hahhum\n97\nAlthough the remainder of the...
"Barjamovic, Gojko - A Historical Geography of Ancient Anatolia in the Assyrian Colony Period. CNI 38, 2011.pdf",116,8935b60d-ebaf-bece-bba5-84bf80324005,0.21172911369511255,"The Lands East of Kaneš\n98\n\nA general impression of the geography in the region is gained from the letter ARM 28.60,\nfound at Mari in Syria","CNI 38, 2011.pdf  117     4.1  Hahhum\n99\nA number of itineraries conne..."
"Barjamovic, Gojko - A Historical Geography of Ancient Anatolia in the Assyrian Colony Period. CNI 38, 2011.pdf",117,d0abfdbf-3666-4143-8552-74656140fe85,0.3285949103710062,4.1 Hahhum\n99\nA number of itineraries connect Hahhum to Central Anatolia via Timelkiya,"Barjamovic, Gojko - A Historical Geography of Ancient Anatolia in the Assyrian Colony Period."
"Barjamovic, Gojko - A Historical Geography of Ancient Anatolia in the Assyrian Colony Period. CNI 38, 2011.pdf",117,d0abfdbf-3666-4143-8552-74656140fe85,0.3285949103710062,son of Itur-ili that Damqaya brought from Hahhum\nto Timelkiya,116     CHAPTER 4:
"Barjamovic, Gojko - A Historical Geography of Ancient Anatolia in the Assyrian Colony Period. CNI 38, 2011.pdf",117,d0abfdbf-3666-4143-8552-74656140fe85,0.3285949103710062,and which were entrusted to Iddin-Su’en in Timelkiya,The Lands East of Kaneš\n98\n\nA ge...
"Barjamovic, Gojko - A Historical Geography of Ancient Anatolia in the Assyrian Colony Period. CNI 38, 2011.pdf",128,40f1f15b-4df6-159e-6c39-fc251c436fc7,0.2558885520145935,The Lands East of Kaneš\n110\nTo Innaya from Aššur-reṣi. Since your message reached Zalpa,"CNI 38, 2011.pdf  129     4.2 Zalpa\n111\nAll four examples show that a ..."
"Barjamovic, Gojko - A Historical Geography of Ancient Anatolia in the Assyrian Colony Period. CNI 38, 2011.pdf",129,72d88e8f-dc16-4653-8ac0-15d08bb7d2dc,0.2674314251831923,4.2 Zalpa\n111\nAll four examples show that a route led from Haqa to Zalpa.319 In turn,"Barjamovic, Gojko - A Historical Geography of Ancient Anatolia in the Assyrian Colony Period."
"Barjamovic, Gojko - A Historical Geography of Ancient Anatolia in the Assyrian Colony Period. CNI 38, 2011.pdf",129,72d88e8f-dc16-4653-8ac0-15d08bb7d2dc,0.2674314251831923,two texts demonstrate\nthat Haqa was closely connected to Šimala,"CNI 38, 2011.pdf  130     CHAPTER 4:"
"Barjamovic, Gojko - A Historical Geography of Ancient Anatolia in the Assyrian Colony Period. CNI 38, 2011.pdf",129,72d88e8f-dc16-4653-8ac0-15d08bb7d2dc,0.2674314251831923,a city that also figured in the Hahhum cluster. The\nletter kt 87/k 433 refers to Haqa and Šimala as two alternative termini on a route from Assur:\nMy tablets are in Haqa. Dear fathers,The Lands East of Kaneš\n112\n\nA f...
"Barjamovic, Gojko - A Historical Geography of Ancient Anatolia in the Assyrian Colony Period. CNI 38, 2011.pdf",129,72d88e8f-dc16-4653-8ac0-15d08bb7d2dc,0.2674314251831923,let them pay the silver,130     CHAPTER 4:
"Barjamovic, Gojko - A Historical Geography of Ancient Anatolia in the Assyrian Colony Period. CNI 38, 2011.pdf",129,72d88e8f-dc16-4653-8ac0-15d08bb7d2dc,0.2674314251831923,seal it with your seals,The Lands East of Kaneš\n112\n\nA f...
"Barjamovic, Gojko - A Historical Geography of Ancient Anatolia in the Assyrian Colony Period. CNI 38, 2011.pdf",135,6a250d5d-4b02-4eda-be98-269e432060b2,0.2384235857835511,4.2 Zalpa\n117\nI wrote to you earlier,"Barjamovic, Gojko - A Historical Geography of Ancient Anatolia in the Assyrian Colony Period."
"Barjamovic, Gojko - A Historical Geography of Ancient Anatolia in the Assyrian Colony Period. CNI 38, 2011.pdf",135,6a250d5d-4b02-4eda-be98-269e432060b2,0.2384235857835511,‘If your caravan is being packed,The Lands East of Kaneš\n118\n\nThe...
"Barjamovic, Gojko - A Historical Geography of Ancient Anatolia in the Assyrian Colony Period. CNI 38, 2011.pdf",135,6a250d5d-4b02-4eda-be98-269e432060b2,0.2384235857835511,then you too should pack\ntogether with your caravan,136     CHAPTER 4:
"Barjamovic, Gojko - A Historical Geography of Ancient Anatolia in the Assyrian Colony Period. CNI 38, 2011.pdf",135,6a250d5d-4b02-4eda-be98-269e432060b2,0.2384235857835511,and choose textiles of good quality from the goods of the\nmerchant that you are carrying,The Lands East of Kaneš\n118\n\nThe...
"Barjamovic, Gojko - A Historical Geography of Ancient Anatolia in the Assyrian Colony Period. CNI 38, 2011.pdf",139,8498307b-5d4a-4807-ab07-9fcad3c4c6ee,0.34069299112719265,4.2 Zalpa\n121\nLittle is known about ‘Assyrian Zalpa’ as a political and social entity apart from what has\nalready been said. As usual,"Barjamovic, Gojko - A Historical Geography of Ancient Anatolia in the Assyrian Colony Period."
"Barjamovic, Gojko - A Historical Geography of Ancient Anatolia in the Assyrian Colony Period. CNI 38, 2011.pdf",139,8498307b-5d4a-4807-ab07-9fcad3c4c6ee,0.34069299112719265,the Assyrian traders tended their business,"CNI 38, 2011.pdf  141     4.3 tegarama\n123\nMamma is especially promine..."
"Barjamovic, Gojko - A Historical Geography of Ancient Anatolia in the Assyrian Colony Period. CNI 38, 2011.pdf",143,90e042f9-588b-c930-d5f8-f627c9de77c0,0.5179386539157762,4.3 tegarama\n125\nimplies that Kuššara was located further away from Mamma than Tegarama,"Barjamovic, Gojko - A Historical Geography of Ancient Anatolia in the Assyrian Colony Period."
"Barjamovic, Gojko - A Historical Geography of Ancient Anatolia in the Assyrian Colony Period. CNI 38, 2011.pdf",143,90e042f9-588b-c930-d5f8-f627c9de77c0,0.5179386539157762,though not nec-\nessarily on a direct route.\n\nThe final text connecting Mamma and Tegarama is a highly complex letter,"CNI 38, 2011.pdf  144     CHAPTER 4:"
"Barjamovic, Gojko - A Historical Geography of Ancient Anatolia in the Assyrian Colony Period. CNI 38, 2011.pdf",143,90e042f9-588b-c930-d5f8-f627c9de77c0,0.5179386539157762,which is trans-\nlated here in its entirety in order to convey the extraordinary situation that led to the author’s\njourney between the two cities:\nTo Aššur-ennam from Šalim-Aššur. Out of the 114 textiles that you entrusted to me in\nAššur,The Lands East of Kaneš\n126\nload....
"Barjamovic, Gojko - A Historical Geography of Ancient Anatolia in the Assyrian Colony Period. CNI 38, 2011.pdf",143,90e042f9-588b-c930-d5f8-f627c9de77c0,0.5179386539157762,2 ‘hand-textiles’ were sorted out as bad quality. Out of the (remainder),144     CHAPTER 4:
"Barjamovic, Gojko - A Historical Geography of Ancient Anatolia in the Assyrian Colony Period. CNI 38, 2011.pdf",143,90e042f9-588b-c930-d5f8-f627c9de77c0,0.5179386539157762,I left 16 in\nMamma in the house of Merali son of Aššur-imitti. Thereof,The Lands East of Kaneš\n126\nload....
"Barjamovic, Gojko - A Historical Geography of Ancient Anatolia in the Assyrian Colony Period. CNI 38, 2011.pdf",144,7d9c8a90-6128-496c-abca-98e0946d0b21,0.2343892292323759,The Lands East of Kaneš\n126\nload. It seems that the particular financial situation was responsible for the author sending\nparts of the consignment via Mamma and Tegarama,"CNI 38, 2011.pdf  145     4.3 tegarama\n127\nConsidering the Tegarama cl..."
"Barjamovic, Gojko - A Historical Geography of Ancient Anatolia in the Assyrian Colony Period. CNI 38, 2011.pdf",153,eb1f6643-2f42-4b06-b027-a69079109619,0.29374768342101215,4.4 Luhuzattiya\n135\nalready travelled to Timelkiya,"Barjamovic, Gojko - A Historical Geography of Ancient Anatolia in the Assyrian Colony Period."
"Barjamovic, Gojko - A Historical Geography of Ancient Anatolia in the Assyrian Colony Period. CNI 38, 2011.pdf",153,eb1f6643-2f42-4b06-b027-a69079109619,0.29374768342101215,then you should leave the ašium-metal of yours,"CNI 38, 2011.pdf  154     CHAPTER 4:"
"Barjamovic, Gojko - A Historical Geography of Ancient Anatolia in the Assyrian Colony Period. CNI 38, 2011.pdf",153,eb1f6643-2f42-4b06-b027-a69079109619,0.29374768342101215,which\nyou brought,The Lands East of Kaneš\n136\n\nFur...
"Barjamovic, Gojko - A Historical Geography of Ancient Anatolia in the Assyrian Colony Period. CNI 38, 2011.pdf",153,eb1f6643-2f42-4b06-b027-a69079109619,0.29374768342101215,in a safe house in Timelkiya and you should leave behind one of your ser-\nvants,154     CHAPTER 4:
"Barjamovic, Gojko - A Historical Geography of Ancient Anatolia in the Assyrian Colony Period. CNI 38, 2011.pdf",153,eb1f6643-2f42-4b06-b027-a69079109619,0.29374768342101215,who is reliable,The Lands East of Kaneš\n136\n\nFur...
"Barjamovic, Gojko - A Historical Geography of Ancient Anatolia in the Assyrian Colony Period. CNI 38, 2011.pdf",154,ea94c356-df1c-4a28-9d26-0fac70a84c24,0.3765760350690837,The Lands East of Kaneš\n136\n\nFurthermore,"CNI 38, 2011.pdf  155     4.4  Luhuzattiya\n137\nIn the course of the an..."
"Barjamovic, Gojko - A Historical Geography of Ancient Anatolia in the Assyrian Colony Period. CNI 38, 2011.pdf",154,ea94c356-df1c-4a28-9d26-0fac70a84c24,0.3765760350690837,Luhuzattiya and Hurama appear three times as often together in texts as\nLuhuzattiya and Šalahšuwa,155     4.4  Luhuzattiya\n137\nIn the course of the an...
"Barjamovic, Gojko - A Historical Geography of Ancient Anatolia in the Assyrian Colony Period. CNI 38, 2011.pdf",155,2690379a-fb12-4fd7-b0cf-7cdeb9bd0de5,0.4194032358243596,4.4 Luhuzattiya\n137\nIn the course of the analysis of the Tegarama cluster it was shown that Luhuzattiya may have\nbeen located on a route from Tegarama to Hattum and presumably in the same general area.\n\nMore importantly,"Barjamovic, Gojko - A Historical Geography of Ancient Anatolia in the Assyrian Colony Period."
"Barjamovic, Gojko - A Historical Geography of Ancient Anatolia in the Assyrian Colony Period. CNI 38, 2011.pdf",155,2690379a-fb12-4fd7-b0cf-7cdeb9bd0de5,0.4194032358243596,the Tegarama and the Luhuzattiya clusters both contain a number of\nreferences to Hattum,"CNI 38, 2011.pdf  156     CHAPTER 4:"
"Barjamovic, Gojko - A Historical Geography of Ancient Anatolia in the Assyrian Colony Period. CNI 38, 2011.pdf",155,2690379a-fb12-4fd7-b0cf-7cdeb9bd0de5,0.4194032358243596,which may,The Lands East of Kaneš\n138\nThe t...
"Barjamovic, Gojko - A Historical Geography of Ancient Anatolia in the Assyrian Colony Period. CNI 38, 2011.pdf",155,2690379a-fb12-4fd7-b0cf-7cdeb9bd0de5,0.4194032358243596,as already stated,156     CHAPTER 4:
"Barjamovic, Gojko - A Historical Geography of Ancient Anatolia in the Assyrian Colony Period. CNI 38, 2011.pdf",155,2690379a-fb12-4fd7-b0cf-7cdeb9bd0de5,0.4194032358243596,have been a regional term for the eastern\npart of Central Anatolia. The common attestations of Šamuha in the Luhuzattiya cluster,The Lands East of Kaneš\n138\nThe t...
"Barjamovic, Gojko - A Historical Geography of Ancient Anatolia in the Assyrian Colony Period. CNI 38, 2011.pdf",156,d15e2327-e387-445e-b75c-9916f2e05304,0.2571582927482499,The Lands East of Kaneš\n138\nThe travels of Ennam-Aššur and Irma-Aššur would appear to have been as follows,"CNI 38, 2011.pdf  157     4.4  Luhuzattiya\n139\nThe metal was bought in..."
"Barjamovic, Gojko - A Historical Geography of Ancient Anatolia in the Assyrian Colony Period. CNI 38, 2011.pdf",157,0cc387b4-dadd-47af-ba11-d829d0e79ee5,0.2618235220463034,4.4 Luhuzattiya\n139\nThe metal was bought in Hattum,"Barjamovic, Gojko - A Historical Geography of Ancient Anatolia in the Assyrian Colony Period."
"Barjamovic, Gojko - A Historical Geography of Ancient Anatolia in the Assyrian Colony Period. CNI 38, 2011.pdf",157,0cc387b4-dadd-47af-ba11-d829d0e79ee5,0.2618235220463034,entrusted to Sahaya in Luhuzattiya and taken to Hurama.\nSahaya then met with the investor in Kaneš and fraudulently claimed that he had paid for the\nmetal in the first place. This had allegedly taken place in Kuššara,"CNI 38, 2011.pdf  156     CHAPTER 4:"
"Barjamovic, Gojko - A Historical Geography of Ancient Anatolia in the Assyrian Colony Period. CNI 38, 2011.pdf",157,0cc387b4-dadd-47af-ba11-d829d0e79ee5,0.2618235220463034,and the route – imagined\nor real – took Sahaya from Kuššara to Luhuzattiya,The Lands East of Kaneš\n138\nThe t...
"Barjamovic, Gojko - A Historical Geography of Ancient Anatolia in the Assyrian Colony Period. CNI 38, 2011.pdf",164,93ea77f8-e41d-85ec-cd59-38805099aa66,0.30810138872479315,The Lands East of Kaneš\n146\nKuššara,"CNI 38, 2011.pdf  165     4.5  Kuššara\n147\nand I negotiated with the p..."
"Barjamovic, Gojko - A Historical Geography of Ancient Anatolia in the Assyrian Colony Period. CNI 38, 2011.pdf",164,93ea77f8-e41d-85ec-cd59-38805099aa66,0.30810138872479315,but have them divide them in three,165     4.5  Kuššara\n147\nand I negotiated with the p...
"Barjamovic, Gojko - A Historical Geography of Ancient Anatolia in the Assyrian Colony Period. CNI 38, 2011.pdf",175,79ddf0f8-3261-44af-a13b-d58cc0ae0fd9,0.24478161822945027,4.7 Hattum\n157\nPurušhaddum. Two additional examples of this apposition have since appeared for a total of\nfive out of the six texts in which Hattum and Purušhaddum appear together:533\nI hear that there is a market for kutānu-textiles in Kaneš. Make inquiries,"Barjamovic, Gojko - A Historical Geography of Ancient Anatolia in the Assyrian Colony Period."
"Barjamovic, Gojko - A Historical Geography of Ancient Anatolia in the Assyrian Colony Period. CNI 38, 2011.pdf",175,79ddf0f8-3261-44af-a13b-d58cc0ae0fd9,0.24478161822945027,and if you can-\nnot make a profit in Kaneš then you must not release the kutānu-textiles on credit to a\ntrader in Kaneš itself. Instead you must bring up my kutānu-textiles to either Hattum or\nto Purušhaddum.534\n(Do such and such),"CNI 38, 2011.pdf  176     CHAPTER 4:"
"Barjamovic, Gojko - A Historical Geography of Ancient Anatolia in the Assyrian Colony Period. CNI 38, 2011.pdf",175,79ddf0f8-3261-44af-a13b-d58cc0ae0fd9,0.24478161822945027,be it in Hattum or in Purušhaddum.535\nThe king of Wašhaniya came here. He has prevented us from going to Purušhaddum or\nHattum.536\nYour letter came,The Lands East of Kaneš\n158\nhas t...
"Barjamovic, Gojko - A Historical Geography of Ancient Anatolia in the Assyrian Colony Period. CNI 38, 2011.pdf",176,d15e2327-e387-445e-b75c-9916f2e05304,0.2452658323045075,"The Lands East of Kaneš\n158\nhas to be a specific political entity,541 and the idea that the term Hattum could be applied in a\ngeneral fashion to denote a region seems more appropriate.\n\nAs already stated","CNI 38, 2011.pdf  177     4.7  Hattum\n159\nAli-abum and Puzur-Aššur ret..."
"Barjamovic, Gojko - A Historical Geography of Ancient Anatolia in the Assyrian Colony Period. CNI 38, 2011.pdf",177,9dffe8b9-3591-9ad7-186e-99c52cc51ecb,0.3256960986928132,4.7 Hattum\n159\nAli-abum and Puzur-Aššur returned into the Heartland to convert the remainder of the\nsilver and gold. They will come back in five days,"Barjamovic, Gojko - A Historical Geography of Ancient Anatolia in the Assyrian Colony Period."
"Barjamovic, Gojko - A Historical Geography of Ancient Anatolia in the Assyrian Colony Period. CNI 38, 2011.pdf",177,9dffe8b9-3591-9ad7-186e-99c52cc51ecb,0.3256960986928132,and then I will send Puzur-Aššur to\nyou,"CNI 38, 2011.pdf  178     CHAPTER 4:"
"Barjamovic, Gojko - A Historical Geography of Ancient Anatolia in the Assyrian Colony Period. CNI 38, 2011.pdf",177,9dffe8b9-3591-9ad7-186e-99c52cc51ecb,0.3256960986928132,so that he may inform you about the case. Here Hanunu and Sahaya are saying that:\n‘Although no ašium has been acquired in the Heartland itself,The Lands East of Kaneš\n160\nand u...
"Barjamovic, Gojko - A Historical Geography of Ancient Anatolia in the Assyrian Colony Period. CNI 38, 2011.pdf",177,9dffe8b9-3591-9ad7-186e-99c52cc51ecb,0.3256960986928132,then ašium may be found\nright in the vicinity. Send the silver and the gold (to us),178     CHAPTER 4:
"Barjamovic, Gojko - A Historical Geography of Ancient Anatolia in the Assyrian Colony Period. CNI 38, 2011.pdf",177,9dffe8b9-3591-9ad7-186e-99c52cc51ecb,0.3256960986928132,so that we may buy the ašium\nand send it to the investor. Aššur-šamši,The Lands East of Kaneš\n160\nand u...
"Barjamovic, Gojko - A Historical Geography of Ancient Anatolia in the Assyrian Colony Period. CNI 38, 2011.pdf",178,14c696bb-1ef6-9c97-2c2d-a00022968771,0.39015947518743777,The Lands East of Kaneš\n160\nand until the case was solved,"CNI 38, 2011.pdf  179     4.7  Hattum\n161\nThe author is staying in Tim..."
"Barjamovic, Gojko - A Historical Geography of Ancient Anatolia in the Assyrian Colony Period. CNI 38, 2011.pdf",181,e88b8935-bc43-5c77-8046-b8e48f2f9466,0.29040086850000363,4.7 Hattum\n163\nPN has ordered to send 2/3 minas of silver from Hattum.559\nOut of 174 textiles,"Barjamovic, Gojko - A Historical Geography of Ancient Anatolia in the Assyrian Colony Period."
"Barjamovic, Gojko - A Historical Geography of Ancient Anatolia in the Assyrian Colony Period. CNI 38, 2011.pdf",181,e88b8935-bc43-5c77-8046-b8e48f2f9466,0.29040086850000363,11 talents of wool,"CNI 38, 2011.pdf  180     CHAPTER 4:"
"Barjamovic, Gojko - A Historical Geography of Ancient Anatolia in the Assyrian Colony Period. CNI 38, 2011.pdf",181,e88b8935-bc43-5c77-8046-b8e48f2f9466,0.29040086850000363,10 talents of hides,The Lands East of Kaneš\n162\nFinal...
"Barjamovic, Gojko - A Historical Geography of Ancient Anatolia in the Assyrian Colony Period. CNI 38, 2011.pdf",181,e88b8935-bc43-5c77-8046-b8e48f2f9466,0.29040086850000363,6 minas of tin and 11 black\ndonkeys that I led to Hattum,180     CHAPTER 4:
"Barjamovic, Gojko - A Historical Geography of Ancient Anatolia in the Assyrian Colony Period. CNI 38, 2011.pdf",181,e88b8935-bc43-5c77-8046-b8e48f2f9466,0.29040086850000363,PN took … 560\nIf he has not brought back 6 shekels of silver from Hattum within two months ...561\nBefore any final conclusions may be drawn,The Lands East of Kaneš\n162\nFinal...
"Barjamovic, Gojko - A Historical Geography of Ancient Anatolia in the Assyrian Colony Period. CNI 38, 2011.pdf",184,f5fd2519-33d6-4a46-9423-59a32b151e88,0.3266832244265969,The Lands East of Kaneš\n166\nFour textiles belonging to Hanu son of Itur-ili,"CNI 38, 2011.pdf  185     4.7  Hattum\n167\nIn the final example the exp..."
"Barjamovic, Gojko - A Historical Geography of Ancient Anatolia in the Assyrian Colony Period. CNI 38, 2011.pdf",185,aec3cdac-816d-46fe-8957-708d10d75ad1,0.1809949798566222,4.7 Hattum\n167\nIn the final example the expenses paid for the trip from Timelkiya to Hurama amount to one\nthird of the transport costs between Hurama and Kaneš. This may be an indication of the\nrelative distance between the three cities.\n\nThe number of references to Zalpa in the Timelkiya cluster is much lower than references\nto Hahhum (cf. 4.2),"Barjamovic, Gojko - A Historical Geography of Ancient Anatolia in the Assyrian Colony Period."
"Barjamovic, Gojko - A Historical Geography of Ancient Anatolia in the Assyrian Colony Period. CNI 38, 2011.pdf",185,aec3cdac-816d-46fe-8957-708d10d75ad1,0.1809949798566222,implying that the great majority of the traffic crossing the river at Hahhum\npassed through Timelkiya on its way to Kaneš. Caravans that crossed at Zalpa,"CNI 38, 2011.pdf  186     CHAPTER 4:"
"Barjamovic, Gojko - A Historical Geography of Ancient Anatolia in the Assyrian Colony Period. CNI 38, 2011.pdf",185,aec3cdac-816d-46fe-8957-708d10d75ad1,0.1809949798566222,on the other\nhand,The Lands East of Kaneš\n168\nThere...
"Barjamovic, Gojko - A Historical Geography of Ancient Anatolia in the Assyrian Colony Period. CNI 38, 2011.pdf",186,fb64c615-270a-4d78-9019-d8d74b16b6aa,0.2023281024568577,The Lands East of Kaneš\n168\nThere are a few references to the hinterland of Timelkiya,"CNI 38, 2011.pdf  185     4.7  Hattum\n167\nIn the final example the exp..."
"Barjamovic, Gojko - A Historical Geography of Ancient Anatolia in the Assyrian Colony Period. CNI 38, 2011.pdf",189,60faf99e-6880-4ade-b74d-6e6844d053da,0.24111931674600115,4.9 The Narrow Track\n171\n(Regarding the) 2 talents of tin,"Barjamovic, Gojko - A Historical Geography of Ancient Anatolia in the Assyrian Colony Period."
"Barjamovic, Gojko - A Historical Geography of Ancient Anatolia in the Assyrian Colony Period. CNI 38, 2011.pdf",189,60faf99e-6880-4ade-b74d-6e6844d053da,0.24111931674600115,4 textiles of good quality and 3 textiles of ordinary qual-\nity and a black donkey that Pilah-Ištar will lead down from Hahhum,"CNI 38, 2011.pdf  190     CHAPTER 4:"
"Barjamovic, Gojko - A Historical Geography of Ancient Anatolia in the Assyrian Colony Period. CNI 38, 2011.pdf",189,60faf99e-6880-4ade-b74d-6e6844d053da,0.24111931674600115,if there is (a price\nof) 8 shekels of tin per shekel of silver,The Lands East of Kaneš\n172\nYou w...
"Barjamovic, Gojko - A Historical Geography of Ancient Anatolia in the Assyrian Colony Period. CNI 38, 2011.pdf",189,60faf99e-6880-4ade-b74d-6e6844d053da,0.24111931674600115,then do not sell\nit for silver. Do not let them send the tin via Šalahšuwa. For the safety of my tin,The Lands East of Kaneš\n172\nYou w...
"Barjamovic, Gojko - A Historical Geography of Ancient Anatolia in the Assyrian Colony Period. CNI 38, 2011.pdf",190,8c57af6e-e5f8-4e10-b79f-72ab8475eecf,0.24391776642331603,The Lands East of Kaneš\n172\nYou wrote here (saying),"CNI 38, 2011.pdf  191     4.9  The Narrow Track\n173\nBoth kt 94/k 924 a..."
"Barjamovic, Gojko - A Historical Geography of Ancient Anatolia in the Assyrian Colony Period. CNI 38, 2011.pdf",192,af8b4dd0-0962-d98c-360a-817f9b714994,0.41225179128856854,The Lands East of Kaneš\n174\nrow Track is not feasible,"CNI 38, 2011.pdf  193     4.9  The Narrow Track\n175\nDurhumit."
"Barjamovic, Gojko - A Historical Geography of Ancient Anatolia in the Assyrian Colony Period. CNI 38, 2011.pdf",192,af8b4dd0-0962-d98c-360a-817f9b714994,0.41225179128856854,they should have the tin sent to Hurama,"Also, he..."
"Barjamovic, Gojko - A Historical Geography of Ancient Anatolia in the Assyrian Colony Period. CNI 38, 2011.pdf",194,45e8d7f5-03bb-4f77-b610-fb5b485cfc6b,0.2350314056711665,The Lands East of Kaneš\n176\nstrict – do not send anything lest you be sorry. Hear the letter carefully and send it to\nAššur-ṭab.612\nThe royal couple (again probably in Kaneš) wished to prevent smuggling and the use of the\nNarrow Track by publicizing threats of arrest and confiscation. They hoped to stop shipments\nof tin and textiles from being led through the ‘Land’,"CNI 38, 2011.pdf  193     4.9  The Narrow Track\n175\nDurhumit."
"Barjamovic, Gojko - A Historical Geography of Ancient Anatolia in the Assyrian Colony Period. CNI 38, 2011.pdf",194,45e8d7f5-03bb-4f77-b610-fb5b485cfc6b,0.2350314056711665,presumably in this context through the\nregion east of Kaneš,"Also, he..."
"Barjamovic, Gojko - A Historical Geography of Ancient Anatolia in the Assyrian Colony Period. CNI 38, 2011.pdf",196,dde71da5-04b1-4403-932f-efc04a2a3565,0.18428795276221416,The Lands East of Kaneš\n178\nYou wrote,"CNI 38, 2011.pdf  197     4.9  The Narrow Track\n179\nThe colonial autho..."
"Barjamovic, Gojko - A Historical Geography of Ancient Anatolia in the Assyrian Colony Period. CNI 38, 2011.pdf",200,d9a14f87-7f2b-4219-af48-622c3736c233,0.21080204837553504,The Lands East of Kaneš\n182\nWhen I travelled to Timelkiya to meet up with the goods,"CNI 38, 2011.pdf  201     4.10  Hurama\n183\nIf Puzur-Aššur wants to sen..."
"Barjamovic, Gojko - A Historical Geography of Ancient Anatolia in the Assyrian Colony Period. CNI 38, 2011.pdf",209,5b4966de-7fbf-4299-a118-b79dc34bffc5,0.2101374410817372,4.11 Šalahšuwa\n191\nkt 93/k 694 (cf. section 4.10) shows that goods could be declared in Šalahšuwa in the same\nfashion as at Kaneš. Finally,"Barjamovic, Gojko - A Historical Geography of Ancient Anatolia in the Assyrian Colony Period."
"Barjamovic, Gojko - A Historical Geography of Ancient Anatolia in the Assyrian Colony Period. CNI 38, 2011.pdf",209,5b4966de-7fbf-4299-a118-b79dc34bffc5,0.2101374410817372,the author of kt 91/k 416 explicitly differentiates between send-\ning a shipment ‘via Šalahšuwa’ and ‘via Timelkiya to Durhumit’,"CNI 38, 2011.pdf  210     CHAPTER 4:"
"Barjamovic, Gojko - A Historical Geography of Ancient Anatolia in the Assyrian Colony Period. CNI 38, 2011.pdf",209,5b4966de-7fbf-4299-a118-b79dc34bffc5,0.2101374410817372,implying that the former\nwas the legal course of action,The Lands East of Kaneš\n192\none a...
"Barjamovic, Gojko - A Historical Geography of Ancient Anatolia in the Assyrian Colony Period. CNI 38, 2011.pdf",209,5b4966de-7fbf-4299-a118-b79dc34bffc5,0.2101374410817372,and the latter was equivalent to smuggling (cf. section 4.9):\n(Regarding the) two talents of tin,210     CHAPTER 4:
"Barjamovic, Gojko - A Historical Geography of Ancient Anatolia in the Assyrian Colony Period. CNI 38, 2011.pdf",209,5b4966de-7fbf-4299-a118-b79dc34bffc5,0.2101374410817372,four textiles of good quality and three textiles of ordi-\nnary quality and a black donkey that Pilah-Ištar will transport down from Hahhum … do\nnot let them send the tin via Šalahšuwa. For the safety of my tin,The Lands East of Kaneš\n192\none a...
"Barjamovic, Gojko - A Historical Geography of Ancient Anatolia in the Assyrian Colony Period. CNI 38, 2011.pdf",211,1bd147b7-540f-2cfd-b8f5-40b3fd82376b,0.22345162264499907,4.11 Šalahšuwa\n193\nTo Adada of Šalahšuwa [...].707\nHere Adada agreed with Aššur-ṭab son of Azuzaya in Šalahšuwa,"Barjamovic, Gojko - A Historical Geography of Ancient Anatolia in the Assyrian Colony Period."
"Barjamovic, Gojko - A Historical Geography of Ancient Anatolia in the Assyrian Colony Period. CNI 38, 2011.pdf",211,1bd147b7-540f-2cfd-b8f5-40b3fd82376b,0.22345162264499907,and Adada has trav-\nelled to Kuššara to have the man swear an oath. He will get an oath from the man and\nthen he will dispatch the goods of Azuzaya’s son on the Narrow Track.708\nThe name Adada can be both an Assyrian and Anatolian,"CNI 38, 2011.pdf  210     CHAPTER 4:"
"Barjamovic, Gojko - A Historical Geography of Ancient Anatolia in the Assyrian Colony Period. CNI 38, 2011.pdf",211,1bd147b7-540f-2cfd-b8f5-40b3fd82376b,0.22345162264499907,"but his son’s name being Aššur-nišu,\nand judging by the fact that Adada had funds invested in an Assyrian caravan",The Lands East of Kaneš\n192\none a...
"Barjamovic, Gojko - A Historical Geography of Ancient Anatolia in the Assyrian Colony Period. CNI 38, 2011.pdf",211,1bd147b7-540f-2cfd-b8f5-40b3fd82376b,0.22345162264499907,he can hardly\nhave been a native. It seems that several families used the house owned by Adada in Šalahšuwa\nas storage,210     CHAPTER 4:
"Barjamovic, Gojko - A Historical Geography of Ancient Anatolia in the Assyrian Colony Period. CNI 38, 2011.pdf",211,1bd147b7-540f-2cfd-b8f5-40b3fd82376b,0.22345162264499907,and the final example (see also section 4.9) implies that he was somehow person-\nally linked with the ruler of Kuššara.\n\nThe economy and natural resources of Šalahšuwa have been the subject of three recent\nstudies,The Lands East of Kaneš\n192\none a...
"Barjamovic, Gojko - A Historical Geography of Ancient Anatolia in the Assyrian Colony Period. CNI 38, 2011.pdf",213,fb8112b9-af11-1819-76e1-c9d246f01c8e,0.21399299808200242,4.12 Uršu\n195\nAruwar\n1\nMamma\n9\nBulbulhum\n2\nNihriya\n1\nHahhum\n1\nPurušhaddum\n1\nHirašta\n1\nUnipsum\n3\nHurama\n1\nZalpa\n3\nTable 19,"Barjamovic, Gojko - A Historical Geography of Ancient Anatolia in the Assyrian Colony Period."
"Barjamovic, Gojko - A Historical Geography of Ancient Anatolia in the Assyrian Colony Period. CNI 38, 2011.pdf",213,fb8112b9-af11-1819-76e1-c9d246f01c8e,0.21399299808200242,Toponyms mentioned in the same Old Assyrian text as Uršu.\nWith only 10 toponyms on the list the statistics are weak. Nevertheless,"CNI 38, 2011.pdf  215     4.12  Uršu\n197\nMari letter that was discusse..."
"Barjamovic, Gojko - A Historical Geography of Ancient Anatolia in the Assyrian Colony Period. CNI 38, 2011.pdf",213,fb8112b9-af11-1819-76e1-c9d246f01c8e,0.21399299808200242,Uršu and Mamma\nwere clearly very closely associated,215     4.12  Uršu\n197\nMari letter that was discusse...
"Barjamovic, Gojko - A Historical Geography of Ancient Anatolia in the Assyrian Colony Period. CNI 38, 2011.pdf",217,6a250d5d-4b02-4eda-be98-269e432060b2,0.2898460686344688,4.12 Uršu\n199\nI wrote to you earlier,"Barjamovic, Gojko - A Historical Geography of Ancient Anatolia in the Assyrian Colony Period."
"Barjamovic, Gojko - A Historical Geography of Ancient Anatolia in the Assyrian Colony Period. CNI 38, 2011.pdf",217,6a250d5d-4b02-4eda-be98-269e432060b2,0.2898460686344688,‘If your caravan is being packed,The Lands East of Kaneš\n198\n\nThe...
"Barjamovic, Gojko - A Historical Geography of Ancient Anatolia in the Assyrian Colony Period. CNI 38, 2011.pdf",217,6a250d5d-4b02-4eda-be98-269e432060b2,0.2898460686344688,then you too should pack\ntogether with your caravan,216     CHAPTER 4:
"Barjamovic, Gojko - A Historical Geography of Ancient Anatolia in the Assyrian Colony Period. CNI 38, 2011.pdf",217,6a250d5d-4b02-4eda-be98-269e432060b2,0.2898460686344688,and choose textiles of good quality from the goods of the\nmerchant that you are leading,The Lands East of Kaneš\n198\n\nThe...
"Barjamovic, Gojko - A Historical Geography of Ancient Anatolia in the Assyrian Colony Period. CNI 38, 2011.pdf",223,15852ec8-beab-41ad-90bc-bda2b108c6ba,0.4120052610554795,4.13 Mamma\n205\nmost a century later than the bulk of the Assyrian documentation,"Barjamovic, Gojko - A Historical Geography of Ancient Anatolia in the Assyrian Colony Period."
"Barjamovic, Gojko - A Historical Geography of Ancient Anatolia in the Assyrian Colony Period. CNI 38, 2011.pdf",223,15852ec8-beab-41ad-90bc-bda2b108c6ba,0.4120052610554795,it does give a unique view\nof the political situation in the Taurus region during the period contemporary with the ar-\nchives of Mari,"CNI 38, 2011.pdf  224     CHAPTER 4:"
"Barjamovic, Gojko - A Historical Geography of Ancient Anatolia in the Assyrian Colony Period. CNI 38, 2011.pdf",223,15852ec8-beab-41ad-90bc-bda2b108c6ba,0.4120052610554795,Rimah and Leilan:771\nThus says Anumhirbi,The Lands East of Kaneš\n206\nThere...
"Barjamovic, Gojko - A Historical Geography of Ancient Anatolia in the Assyrian Colony Period. CNI 38, 2011.pdf",223,15852ec8-beab-41ad-90bc-bda2b108c6ba,0.4120052610554795,King of Mamma,224     CHAPTER 4:
"Barjamovic, Gojko - A Historical Geography of Ancient Anatolia in the Assyrian Colony Period. CNI 38, 2011.pdf",223,15852ec8-beab-41ad-90bc-bda2b108c6ba,0.4120052610554795,to Waršama,The Lands East of Kaneš\n206\nThere...
"Barjamovic, Gojko - A Historical Geography of Ancient Anatolia in the Assyrian Colony Period. CNI 38, 2011.pdf",228,77431f30-8a85-4922-898b-0573d41a272a,0.2343121600913106,The Lands East of Kaneš\n210\nI furthermore gave 1 mina of good,"CNI 38, 2011.pdf  227     4.13  Mamma\n209\nhouse at a set interest rate..."
"Barjamovic, Gojko - A Historical Geography of Ancient Anatolia in the Assyrian Colony Period. CNI 38, 2011.pdf",271,872e8ca9-3b92-4973-aa4a-bb1311a4a183,0.29523493668327694,5.1 Durhumit\n253\nUntil recently the Assyrian data played no real part in the location of Durhumit. There were\nno ‘itineraries’ available,"Barjamovic, Gojko - A Historical Geography of Ancient Anatolia in the Assyrian Colony Period."
"Barjamovic, Gojko - A Historical Geography of Ancient Anatolia in the Assyrian Colony Period. CNI 38, 2011.pdf",271,872e8ca9-3b92-4973-aa4a-bb1311a4a183,0.29523493668327694,although investigations by Larsen,"CNI 38, 2011.pdf  272     CHAPTER 5:"
"Barjamovic, Gojko - A Historical Geography of Ancient Anatolia in the Assyrian Colony Period. CNI 38, 2011.pdf",271,872e8ca9-3b92-4973-aa4a-bb1311a4a183,0.29523493668327694,"Michel and Dercksen had\nshown the importance of Durhumit in the Assyrian trade,971 little could be added to the debate\non its location.972 New evidence has now been used to show that a route went around Kaneš\nand straight to Durhumit (cf. 4.9",The Lands North and West of Kaneš\n...
"Barjamovic, Gojko - A Historical Geography of Ancient Anatolia in the Assyrian Colony Period. CNI 38, 2011.pdf",271,872e8ca9-3b92-4973-aa4a-bb1311a4a183,0.29523493668327694,this pattern is difficult to explain if Durhumit is lo-\ncated northwest of Kaneš. Furthermore,The Lands North and West of Kaneš\n...
"Barjamovic, Gojko - A Historical Geography of Ancient Anatolia in the Assyrian Colony Period. CNI 38, 2011.pdf",273,ea94c356-df1c-4a28-9d26-0fac70a84c24,0.2953382127892092,5.1 Durhumit\n255\nfrom the Narrow Track. The following passage instead gives Durhumit and Tišmurna as the\ntwo possible destinations coming from the Narrow Track:\n... on the narrow track,"Barjamovic, Gojko - A Historical Geography of Ancient Anatolia in the Assyrian Colony Period."
"Barjamovic, Gojko - A Historical Geography of Ancient Anatolia in the Assyrian Colony Period. CNI 38, 2011.pdf",273,ea94c356-df1c-4a28-9d26-0fac70a84c24,0.2953382127892092,and either to Durhumit or to Tišmurna,"CNI 38, 2011.pdf  274     CHAPTER 5:"
"Barjamovic, Gojko - A Historical Geography of Ancient Anatolia in the Assyrian Colony Period. CNI 38, 2011.pdf",273,ea94c356-df1c-4a28-9d26-0fac70a84c24,0.2953382127892092,and after I left,274     CHAPTER 5:
"Barjamovic, Gojko - A Historical Geography of Ancient Anatolia in the Assyrian Colony Period. CNI 38, 2011.pdf",273,ea94c356-df1c-4a28-9d26-0fac70a84c24,0.2953382127892092,Man-mahir has married\na wife. I shall go to Durhumit for your sake,The Lands North and West of Kaneš\n...
"Barjamovic, Gojko - A Historical Geography of Ancient Anatolia in the Assyrian Colony Period. CNI 38, 2011.pdf",288,83052128-d9f8-4ee5-9b19-671d9b0df9cf,0.3937394413098322,the territory of Hanaknak,The Lands North and West of Kaneš\n...
"Barjamovic, Gojko - A Historical Geography of Ancient Anatolia in the Assyrian Colony Period. CNI 38, 2011.pdf",288,83052128-d9f8-4ee5-9b19-671d9b0df9cf,0.3937394413098322,Wazida and the city of Hanaknak) the journey\ncan hardly have been a direct one. Moving at the normal average speed of 30 km per day,The Lands North and West of Kaneš\n...
"Barjamovic, Gojko - A Historical Geography of Ancient Anatolia in the Assyrian Colony Period. CNI 38, 2011.pdf",291,bf1e7c7c-5eed-45f9-a398-c135d6040fbc,0.18912997781719373,5.3 Hanaknak\n273\nrelated message Ea-malik refers to a journey between Amkuwa and Hattuš,"Barjamovic, Gojko - A Historical Geography of Ancient Anatolia in the Assyrian Colony Period."
"Barjamovic, Gojko - A Historical Geography of Ancient Anatolia in the Assyrian Colony Period. CNI 38, 2011.pdf",291,bf1e7c7c-5eed-45f9-a398-c135d6040fbc,0.18912997781719373,but the exact rela-\ntion to his residence in Hanaknak is unclear:\nYou have borrowed half a mina and 6 shekels of silver from the (year of) the eponym\nDadiya son of Šu-Ilabrat. I seized you in Amkuwa,"CNI 38, 2011.pdf  290     CHAPTER 5:"
"Barjamovic, Gojko - A Historical Geography of Ancient Anatolia in the Assyrian Colony Period. CNI 38, 2011.pdf",291,bf1e7c7c-5eed-45f9-a398-c135d6040fbc,0.18912997781719373,where you said,The Lands North and West of Kaneš\n...
"Barjamovic, Gojko - A Historical Geography of Ancient Anatolia in the Assyrian Colony Period. CNI 38, 2011.pdf",291,bf1e7c7c-5eed-45f9-a398-c135d6040fbc,0.18912997781719373,‘Go up to Hattuš and\nproduce a (debt) note with your witness for me’. So I went up to Hattuš,290     CHAPTER 5:
"Barjamovic, Gojko - A Historical Geography of Ancient Anatolia in the Assyrian Colony Period. CNI 38, 2011.pdf",291,bf1e7c7c-5eed-45f9-a398-c135d6040fbc,0.18912997781719373,but your repre-\nsentatives did not give me their word. Tell my representatives,The Lands North and West of Kaneš\n...
"Barjamovic, Gojko - A Historical Geography of Ancient Anatolia in the Assyrian Colony Period. CNI 38, 2011.pdf",293,a684d625-4777-40c9-cedc-739be3b953ed,0.2849580070859081,5.4 Tišmurna\n275\nthe taxation of shipments arriving from the Narrow Track (cf. 5.1).1087 The other is the\nwritten order to lead a shipment to either Durhumit or Tišmurna by the Narrow Track (cf.\n4.9):\n... on the Narrow Track,"Barjamovic, Gojko - A Historical Geography of Ancient Anatolia in the Assyrian Colony Period."
"Barjamovic, Gojko - A Historical Geography of Ancient Anatolia in the Assyrian Colony Period. CNI 38, 2011.pdf",293,a684d625-4777-40c9-cedc-739be3b953ed,0.2849580070859081,and either to Durhumit or to Tišmurna,"CNI 38, 2011.pdf  294     CHAPTER 5:"
"Barjamovic, Gojko - A Historical Geography of Ancient Anatolia in the Assyrian Colony Period. CNI 38, 2011.pdf",293,a684d625-4777-40c9-cedc-739be3b953ed,0.2849580070859081,wherever ... that I have\npromised to you.1088\nThe location of Tišmurna in the east is supported by a couple of references. Kuliya’s long\n‘itinerary’ in AKT 5,The Lands North and West of Kaneš\n...
"Barjamovic, Gojko - A Historical Geography of Ancient Anatolia in the Assyrian Colony Period. CNI 38, 2011.pdf",293,a684d625-4777-40c9-cedc-739be3b953ed,0.2849580070859081,the following passage connects the two cities in the metal trade:\nThere is no copper to convert in Tišmurna … I have gone several times to Amur-Ištar and\nPušu-ken,The Lands North and West of Kaneš\n...
"Barjamovic, Gojko - A Historical Geography of Ancient Anatolia in the Assyrian Colony Period. CNI 38, 2011.pdf",314,e34f4dec-5694-4d75-ab43-28173bd0797c,0.23839770675450386,The Lands North and West of Kaneš\n296\n\nThe statistical analysis has little to offer. Most toponyms occur only once alongside Tawin-\niya,"CNI 38, 2011.pdf  315     5.8  Tawiniya\n297\nasks for this shipment to ..."
"Barjamovic, Gojko - A Historical Geography of Ancient Anatolia in the Assyrian Colony Period. CNI 38, 2011.pdf",314,e34f4dec-5694-4d75-ab43-28173bd0797c,0.23839770675450386,and those that appear more often do so only because they were trade hubs.1197\nDurhumit\n3\nŠamuha\n1\nHattuš\n2\nŠinahuttum\n1\nHurama\n2\nTišmurna\n1\nLuhha\n1\nTuhpiya\n1\nMamma\n1\nUlama\n1\nNinašša\n1\nWahšušana\n2\nPurušhaddum\n1\nWašhaniya\n1\nZalpa\n1\nTable 26,315     5.8  Tawiniya\n297\nasks for this shipment to ...
"Barjamovic, Gojko - A Historical Geography of Ancient Anatolia in the Assyrian Colony Period. CNI 38, 2011.pdf",315,82d9814b-122b-41fb-aaf9-1f21266db5af,0.29746561782712583,5.8 Tawiniya\n297\nasks for this shipment to be sent on to Wahšušana. For some reason the other route to\nWahšušana,"Barjamovic, Gojko - A Historical Geography of Ancient Anatolia in the Assyrian Colony Period."
"Barjamovic, Gojko - A Historical Geography of Ancient Anatolia in the Assyrian Colony Period. CNI 38, 2011.pdf",315,82d9814b-122b-41fb-aaf9-1f21266db5af,0.29746561782712583,which is known to have passed through Ninašša (5.12),"CNI 38, 2011.pdf  314     CHAPTER 5:"
"Barjamovic, Gojko - A Historical Geography of Ancient Anatolia in the Assyrian Colony Period. CNI 38, 2011.pdf",315,82d9814b-122b-41fb-aaf9-1f21266db5af,0.29746561782712583,was closed. The author\ntherefore inquired with the local palace and was told that it would be safe to travel from\nKaneš to Wahšušana by the Tawiniya-road. Both Ninašša and Wahšušana (5.14) were located\nwest of the Kızılırmak River,The Lands North and West of Kaneš\n...
"Barjamovic, Gojko - A Historical Geography of Ancient Anatolia in the Assyrian Colony Period. CNI 38, 2011.pdf",315,82d9814b-122b-41fb-aaf9-1f21266db5af,0.29746561782712583,suggesting that the Tawiniya-road kept inside the bend of the\nriver.\n\nIn the circular letter AKT 5,314     CHAPTER 5:
"Barjamovic, Gojko - A Historical Geography of Ancient Anatolia in the Assyrian Colony Period. CNI 38, 2011.pdf",315,82d9814b-122b-41fb-aaf9-1f21266db5af,0.29746561782712583,2 Tawiniya appears in a position between Hattuš and Tuh-\npiya:\nFrom the Kaneš Colony to the dātum-payers,The Lands North and West of Kaneš\n...
"Barjamovic, Gojko - A Historical Geography of Ancient Anatolia in the Assyrian Colony Period. CNI 38, 2011.pdf",323,c888f3d9-5d3a-41d9-8c83-f3f9b9840a98,0.2670571718836723,5.9 Tuhpiya\n305\n\nA number of itineraries place Tuhpiya and the other cities on the route in sequence. The\nbest example comes from a memorandum that records the expenses on a trip between\nPurušhaddum and Durhumit:\nI paid 3 shekels of silver for my lodgings in Purušhaddum. (The expenses) amounted to\n1 1/2 minas of copper from Purušhaddum to Šalatuwar. Until I left Šalatuwar,"Barjamovic, Gojko - A Historical Geography of Ancient Anatolia in the Assyrian Colony Period."
"Barjamovic, Gojko - A Historical Geography of Ancient Anatolia in the Assyrian Colony Period. CNI 38, 2011.pdf",323,c888f3d9-5d3a-41d9-8c83-f3f9b9840a98,0.2670571718836723,(so) we\nasked a caravan that was coming from Kaneš,The Lands North and West of Kaneš\n...
"Barjamovic, Gojko - A Historical Geography of Ancient Anatolia in the Assyrian Colony Period. CNI 38, 2011.pdf",323,c888f3d9-5d3a-41d9-8c83-f3f9b9840a98,0.2670571718836723,and they had met him in Tuhpiya.1245\nAlthough the authors do not mention in which city they wrote their letter,324     CHAPTER 5:
"Barjamovic, Gojko - A Historical Geography of Ancient Anatolia in the Assyrian Colony Period. CNI 38, 2011.pdf",324,099eb63c-4a3c-4bca-baf4-705a46083a49,0.3154791487813797,The Lands North and West of Kaneš\n306\ntwice as the final station on the envoy’s route and once as the last station before Ninašša\n(5.12) on the western bank of the Kızılırmak – then it suggests that Tuhpiya was located on a\nfrontier to the west.\n\nKuliya’s memorandum (cf. 5.1) places Tuhpiya within the region dominated by Durhumit.\nThe city figures twice in the memorandum,"CNI 38, 2011.pdf  323     5.9  Tuhpiya\n305\n\nA number of itineraries p..."
"Barjamovic, Gojko - A Historical Geography of Ancient Anatolia in the Assyrian Colony Period. CNI 38, 2011.pdf",334,fa29d5f8-121e-54f5-3b43-a82fafe84a70,0.5437375641807212,The Lands North and West of Kaneš\n316\nThe memorandum TC 3,"CNI 38, 2011.pdf  335     5.11  Wašhaniya\n317\njourney – and that the a..."
"Barjamovic, Gojko - A Historical Geography of Ancient Anatolia in the Assyrian Colony Period. CNI 38, 2011.pdf",334,fa29d5f8-121e-54f5-3b43-a82fafe84a70,0.5437375641807212,165 records a series of expenditures on a journey from Kaneš to\nPurušhaddum:\nI had an expense of 2 minas of tin on guards,335     5.11  Wašhaniya\n317\njourney – and that the a...
"Barjamovic, Gojko - A Historical Geography of Ancient Anatolia in the Assyrian Colony Period. CNI 38, 2011.pdf",336,6aa156f7-9952-3744-2ff7-1b42f1cdb18c,0.336299116562131,The Lands North and West of Kaneš\n318\n15 minas of copper in Ninašša. I paid 10 minas for the hireling who was delayed with\nme. I gave them to him in Wašhaniya. He took 5 minas of copper (straight away). He left\nNinašša,"CNI 38, 2011.pdf  337     5.11  Wašhaniya\n319\nthat Wašhaniya was locat..."
"Barjamovic, Gojko - A Historical Geography of Ancient Anatolia in the Assyrian Colony Period. CNI 38, 2011.pdf",337,a7f37b42-909f-40e7-b3b2-c31e386e883c,0.24341217574585533,5.11 Wašhaniya\n319\nthat Wašhaniya was located on the northern (right) bank of the Kızılırmak.1325 The text con-\ntains some obvious parallels to TC 3,"Barjamovic, Gojko - A Historical Geography of Ancient Anatolia in the Assyrian Colony Period."
"Barjamovic, Gojko - A Historical Geography of Ancient Anatolia in the Assyrian Colony Period. CNI 38, 2011.pdf",337,a7f37b42-909f-40e7-b3b2-c31e386e883c,0.24341217574585533,165:\n1/3 shekel of silver for the attorney,"CNI 38, 2011.pdf  336     CHAPTER 5:"
"Barjamovic, Gojko - A Historical Geography of Ancient Anatolia in the Assyrian Colony Period. CNI 38, 2011.pdf",337,a7f37b42-909f-40e7-b3b2-c31e386e883c,0.24341217574585533,[… shekels] for the bridge keeper – all this I paid in\nKaneš. From Kaneš to Wašhaniya,The Lands North and West of Kaneš\n...
"Barjamovic, Gojko - A Historical Geography of Ancient Anatolia in the Assyrian Colony Period. CNI 38, 2011.pdf",337,a7f37b42-909f-40e7-b3b2-c31e386e883c,0.24341217574585533,who\nrecorded the expenses related to the journey of his attorney Ababa when the two went on a\nmission to collect evidence for the lawsuit following Šalim-Aššur’s death.1327 The attorney\ntravelled from Kaneš to Wahšušana,The Lands North and West of Kaneš\n...
"Barjamovic, Gojko - A Historical Geography of Ancient Anatolia in the Assyrian Colony Period. CNI 38, 2011.pdf",339,4906cec6-b640-4fd3-b694-d1d930b82ef4,0.27142431984047255,5.11 Wašhaniya\n321\nThe position of Wašhaniya at the junction of the two roads to Malitta and Ninašša can be\ncombined with the following passage,"Barjamovic, Gojko - A Historical Geography of Ancient Anatolia in the Assyrian Colony Period."
"Barjamovic, Gojko - A Historical Geography of Ancient Anatolia in the Assyrian Colony Period. CNI 38, 2011.pdf",339,4906cec6-b640-4fd3-b694-d1d930b82ef4,0.27142431984047255,and if he has not set the road to Hattum free,The Lands North and West of Kaneš\n...
"Barjamovic, Gojko - A Historical Geography of Ancient Anatolia in the Assyrian Colony Period. CNI 38, 2011.pdf",339,4906cec6-b640-4fd3-b694-d1d930b82ef4,0.27142431984047255,then I will seal the [sil-\nver] and leave one of my servants to take care of my copper,340     CHAPTER 5:
"Barjamovic, Gojko - A Historical Geography of Ancient Anatolia in the Assyrian Colony Period. CNI 38, 2011.pdf",339,4906cec6-b640-4fd3-b694-d1d930b82ef4,0.27142431984047255,while I will myself take every\nsingle mina of silver that they brought out from Purušhaddum and go to Kaneš.1332\nThe context does not reveal where the author of the letter resided. It may be that he was stay-\ning in Wašhaniya,The Lands North and West of Kaneš\n...
"Barjamovic, Gojko - A Historical Geography of Ancient Anatolia in the Assyrian Colony Period. CNI 38, 2011.pdf",340,29231071-1ac3-4c43-a33e-cf04f208fe45,0.19883077771853014,"The Lands North and West of Kaneš\n322\ning prepared for publication by Cécile Michel,1337 who currently thinks that Aššur-taklaku\nwas taken into custody in Wašhaniya and that the king and queen quoted in the first letter are\nthe royal couple of that city. However","CNI 38, 2011.pdf  341     5.11  Wašhaniya\n323\nThe sworn treaties bound..."
"Barjamovic, Gojko - A Historical Geography of Ancient Anatolia in the Assyrian Colony Period. CNI 38, 2011.pdf",348,9d8a8fff-d7be-4e83-ba33-0ba1f489bd52,0.2876355608670085,The Lands North and West of Kaneš\n330\nŠalatuwar and Ulama share a particularly close geographical link with 5 out of 5 attestations\nbeing itineraries. However,"CNI 38, 2011.pdf  349     5.13  Ulama\n331\nUlama amounted to 1 shekel."
"Barjamovic, Gojko - A Historical Geography of Ancient Anatolia in the Assyrian Colony Period. CNI 38, 2011.pdf",349,83bc0863-4cbe-441d-9374-9bbb15a0684e,0.21931621704144902,5.13 Ulama\n331\nUlama amounted to 1 shekel. The (expenses) for each of us from Durhumit amounted to\none and half a shekel.1388\nI and my brothers have met with him at least five times,"Barjamovic, Gojko - A Historical Geography of Ancient Anatolia in the Assyrian Colony Period."
"Barjamovic, Gojko - A Historical Geography of Ancient Anatolia in the Assyrian Colony Period. CNI 38, 2011.pdf",349,83bc0863-4cbe-441d-9374-9bbb15a0684e,0.21931621704144902,in Purušhaddum,"CNI 38, 2011.pdf  350     CHAPTER 5:"
"Barjamovic, Gojko - A Historical Geography of Ancient Anatolia in the Assyrian Colony Period. CNI 38, 2011.pdf",349,83bc0863-4cbe-441d-9374-9bbb15a0684e,0.21931621704144902,in this case,350     CHAPTER 5:
"Barjamovic, Gojko - A Historical Geography of Ancient Anatolia in the Assyrian Colony Period. CNI 38, 2011.pdf",349,83bc0863-4cbe-441d-9374-9bbb15a0684e,0.21931621704144902,prices were slightly\nhigher in Ulama:\nThe sikkātum has withdrawn but the silver is delayed. If there is trade,The Lands North and West of Kaneš\n...
"Barjamovic, Gojko - A Historical Geography of Ancient Anatolia in the Assyrian Colony Period. CNI 38, 2011.pdf",350,937e71fb-57c8-46c0-afbc-48f9429886e4,0.20937991940656955,The Lands North and West of Kaneš\n332\nceeds of a shipment of copper sent to Purušhaddum were not returned to Wahšušana. As the\nresult of a blockade,"CNI 38, 2011.pdf  349     5.13  Ulama\n331\nUlama amounted to 1 shekel."
"Barjamovic, Gojko - A Historical Geography of Ancient Anatolia in the Assyrian Colony Period. CNI 38, 2011.pdf",352,e632c629-1778-ad40-c51d-adf5c1cfc28c,0.278394711808136,"The Lands North and West of Kaneš\n334\nThe city of Ulama had an Assyrian station (wabartum),1402 and a number Assyrians are known\nto have settled in the city. ATHE 29 and I 484 refer to the ‘house of Kurara’ in Ulama","CNI 38, 2011.pdf  353     5.13  Ulama\n335\n\nA number of the texts quot..."
"Barjamovic, Gojko - A Historical Geography of Ancient Anatolia in the Assyrian Colony Period. CNI 38, 2011.pdf",352,e632c629-1778-ad40-c51d-adf5c1cfc28c,0.278394711808136,kt 94/k\n473 mentions ‘Ili-nada from Ulama’,353     5.13  Ulama\n335\n\nA number of the texts quot...
"Barjamovic, Gojko - A Historical Geography of Ancient Anatolia in the Assyrian Colony Period. CNI 38, 2011.pdf",358,bd7bd0d2-2265-4adb-9cf2-bcef97bdb96b,0.48101538543738176,The Lands North and West of Kaneš\n340\nThe close association between Wahšušana,"CNI 38, 2011.pdf  360     CHAPTER 5:"
"Barjamovic, Gojko - A Historical Geography of Ancient Anatolia in the Assyrian Colony Period. CNI 38, 2011.pdf",358,bd7bd0d2-2265-4adb-9cf2-bcef97bdb96b,0.48101538543738176,Ninašša and Ulama was discussed in the preced-\ning two sections. A river named Zuliya formed the border between Wahšušana and Ninašša\n(5.12),The Lands North and West of Kaneš\n...
"Barjamovic, Gojko - A Historical Geography of Ancient Anatolia in the Assyrian Colony Period. CNI 38, 2011.pdf",368,78d1e14c-77d3-1bd0-afe6-4d9ffec8037b,0.3188246892756299,The Lands North and West of Kaneš\n350\nWašhaniya and Ninašša are not a part the cluster,"CNI 38, 2011.pdf  370     CHAPTER 5:"
"Barjamovic, Gojko - A Historical Geography of Ancient Anatolia in the Assyrian Colony Period. CNI 38, 2011.pdf",368,78d1e14c-77d3-1bd0-afe6-4d9ffec8037b,0.3188246892756299,indicating that communication between\nKaneš and Šalatuwar mainly passed via Wahšušana (5.11,The Lands North and West of Kaneš\n...
"Barjamovic, Gojko - A Historical Geography of Ancient Anatolia in the Assyrian Colony Period. CNI 38, 2011.pdf",371,90df3436-8d65-49b6-b1f1-fa6de8d507a4,0.19634454047084607,5.15 Šalatuwar\n353\nIt is noteworthy that the expenses listed for the journey between Ušbugattum and Purušhaddum\nequal the fees paid on the trip from Šalatuwar to Purušhaddum. This implies that Ušbugattum\nwas located at some distance from Purušhaddum. Furthermore,"Barjamovic, Gojko - A Historical Geography of Ancient Anatolia in the Assyrian Colony Period."
"Barjamovic, Gojko - A Historical Geography of Ancient Anatolia in the Assyrian Colony Period. CNI 38, 2011.pdf",371,90df3436-8d65-49b6-b1f1-fa6de8d507a4,0.19634454047084607,the fact that the fees on the\nreturn trip to Šalatuwar were halved suggests that each total listed in the memorandum con-\nsists of several separate expenses. In the given example,"CNI 38, 2011.pdf  370     CHAPTER 5:"
"Barjamovic, Gojko - A Historical Geography of Ancient Anatolia in the Assyrian Colony Period. CNI 38, 2011.pdf",371,90df3436-8d65-49b6-b1f1-fa6de8d507a4,0.19634454047084607,the author presumably returned\nwithout porters or shipment.1480\n–––––\nNext to nothing is known about the city-state of Šalatuwar on the basis of the Old Assyrian\nsources. One text mentions the ‘land of Šalatuwar’,The Lands North and West of Kaneš\n...
"Barjamovic, Gojko - A Historical Geography of Ancient Anatolia in the Assyrian Colony Period. CNI 38, 2011.pdf",371,90df3436-8d65-49b6-b1f1-fa6de8d507a4,0.19634454047084607,and there is no mention of a palace. Instead,The Lands North and West of Kaneš\n...
"Barjamovic, Gojko - A Historical Geography of Ancient Anatolia in the Assyrian Colony Period. CNI 38, 2011.pdf",392,b2c4d6aa-2639-45af-b7f4-f8a042a7e50e,0.28003558502431763,The Lands North and West of Kaneš\n374\ncultural and perhaps geographical differences. Finally,"CNI 38, 2011.pdf  391     5.16  Purušhaddum\n373\nParsuhanda continued t..."
"AKT 5, 2008.pdf",126,814ad661-c264-4d94-9c1e-2273334268e6,0.2638822544960421,120\n\nTHE ARCHIVE OF KULIYA\n\nDUMU I-ßar-ki-it-A-°ßùr˘ [KIÍIB K]u-na-na-a\nIßar-kitti-Aßßur,"AKT 5, 2008.pdf  128     III.3b - CONTRACTS AND DEPOSITIONS IN MEMORAND..."
"AKT 5, 2008.pdf",126,814ad661-c264-4d94-9c1e-2273334268e6,0.2638822544960421,seal of Kunnanaya.\n15’ 2 Gµ 10 ma-na URUDU ßí-kam i-na a-ba-an\n2 talents 10 minas of ßikkum copper,128     III.3b - CONTRACTS AND DEPOSITIONS IN MEMORAND...
"AKT 5, 2008.pdf",127,a753e885-08c0-49a2-9296-1c2d0e244c0b,0.25342090349957413,122\n\nTHE ARCHIVE OF KULIYA\n\n18’ff. These lines prove that the interest according to the regulation of the k£arum indeed amounted to\n30 percent per year.\n21’f. The sale of the slave – with a typical slave-name,"AKT 5, 2008.pdf  128     III.3b - CONTRACTS AND DEPOSITIONS IN MEMORAND..."
"AKT 5, 2008.pdf",127,a753e885-08c0-49a2-9296-1c2d0e244c0b,0.25342090349957413,“My father is my god” – together with his\nband or fetter (riksum) is unique and note that Old Assyrian does not use one of the terms used in OB\nfor a slave’s fetter made of copper or bronze (kannum,128     III.3b - CONTRACTS AND DEPOSITIONS IN MEMORAND...
"AKT 5, 2008.pdf",156,a38d4d84-5c29-4edc-894b-95fe741920bb,0.5341354977949843,III.4 – LISTS OF TABLETS ( 62-69) 151\n\n64\n\nList of 21 tablets placed in a tamalakkum,"AKT 5, 2008.pdf  155     150\n\nTHE ARCHIVE OF KULIYA\n\nB."
"AKT 5, 2008.pdf",156,a38d4d84-5c29-4edc-894b-95fe741920bb,0.5341354977949843,largely parallel to that of 62-63. It omits the tablets\nnumbered there 6,The texts\n...
"AKT 5, 2008.pdf",156,a38d4d84-5c29-4edc-894b-95fe741920bb,0.5341354977949843,and 18 and for some tablets more details are given,155     150\n\nTHE ARCHIVE OF KULIYA\n\nB.
"AKT 5, 2008.pdf",156,a38d4d84-5c29-4edc-894b-95fe741920bb,0.5341354977949843,tablet 1 of 62 figures\nhere (with the words aßßat Il£È-b£ani) after tablet 9,The texts\n...
"Bongenaar, A.C.V.M. - Interdependency of Institutions and Private Entrepreneurs, MOS 2. PIHANS 87, 2000.pdf",40,58070538-43d7-4d44-8cdb-cbf1979c7454,0.18069315543336834,34\nF. JOANNÈS\nOn trouve également le temple comme acheteur,"Bongenaar, A.C.V.M."
"Bongenaar, A.C.V.M. - Interdependency of Institutions and Private Entrepreneurs, MOS 2. PIHANS 87, 2000.pdf",40,58070538-43d7-4d44-8cdb-cbf1979c7454,0.18069315543336834,ou bailleur de certains biens\nimmobiliers à fonction résidentielle,"PIHANS 87, 2000.pdf  39      RELATIONS ENTRE INTÉRÊTS PRIVÉS ET BIENS DES S..."
AKT 5.pdf,126,814ad661-c264-4d94-9c1e-2273334268e6,0.2638822544960421,120\n\nTHE ARCHIVE OF KULIYA\n\nDUMU I-ßar-ki-it-A-°ßùr˘ [KIÍIB K]u-na-na-a\nIßar-kitti-Aßßur,AKT 5.pdf  128     III.3b - CONTRACTS AND DEPOSITIONS IN MEMORAND...
AKT 5.pdf,126,814ad661-c264-4d94-9c1e-2273334268e6,0.2638822544960421,seal of Kunnanaya.\n15’ 2 Gµ 10 ma-na URUDU ßí-kam i-na a-ba-an\n2 talents 10 minas of ßikkum copper,128     III.3b - CONTRACTS AND DEPOSITIONS IN MEMORAND...
AKT 5.pdf,127,a753e885-08c0-49a2-9296-1c2d0e244c0b,0.25342090349957413,122\n\nTHE ARCHIVE OF KULIYA\n\n18’ff. These lines prove that the interest according to the regulation of the k£arum indeed amounted to\n30 percent per year.\n21’f. The sale of the slave – with a typical slave-name,AKT 5.pdf  128     III.3b - CONTRACTS AND DEPOSITIONS IN MEMORAND...
AKT 5.pdf,127,a753e885-08c0-49a2-9296-1c2d0e244c0b,0.25342090349957413,“My father is my god” – together with his\nband or fetter (riksum) is unique and note that Old Assyrian does not use one of the terms used in OB\nfor a slave’s fetter made of copper or bronze (kannum,128     III.3b - CONTRACTS AND DEPOSITIONS IN MEMORAND...
AKT 5.pdf,156,a38d4d84-5c29-4edc-894b-95fe741920bb,0.5341354977949843,III.4 – LISTS OF TABLETS ( 62-69) 151\n\n64\n\nList of 21 tablets placed in a tamalakkum,AKT 5.pdf  155     150\n\nTHE ARCHIVE OF KULIYA\n\nB.
AKT 5.pdf,156,a38d4d84-5c29-4edc-894b-95fe741920bb,0.5341354977949843,largely parallel to that of 62-63. It omits the tablets\nnumbered there 6,The texts\n...
AKT 5.pdf,156,a38d4d84-5c29-4edc-894b-95fe741920bb,0.5341354977949843,and 18 and for some tablets more details are given,155     150\n\nTHE ARCHIVE OF KULIYA\n\nB.
AKT 5.pdf,156,a38d4d84-5c29-4edc-894b-95fe741920bb,0.5341354977949843,tablet 1 of 62 figures\nhere (with the words aßßat Il£È-b£ani) after tablet 9,The texts\n...
"AKT 6, 2008.pdf",127,814ad661-c264-4d94-9c1e-2273334268e6,0.26161255160410546,120\n\nTHE ARCHIVE OF KULIYA\n\nDUMU I-ßar-ki-it-A-°ßùr˘ [KIÍIB K]u-na-na-a\nIßar-kitti-Aßßur,"AKT 6, 2008.pdf  129     III.3b - CONTRACTS AND DEPOSITIONS IN MEMORAND..."
"AKT 6, 2008.pdf",127,814ad661-c264-4d94-9c1e-2273334268e6,0.26161255160410546,seal of Kunnanaya.\n15’ 2 Gµ 10 ma-na URUDU ßí-kam i-na a-ba-an\n2 talents 10 minas of ßikkum copper,129     III.3b - CONTRACTS AND DEPOSITIONS IN MEMORAND...
"AKT 6, 2008.pdf",128,a753e885-08c0-49a2-9296-1c2d0e244c0b,0.25552066802963613,122\n\nTHE ARCHIVE OF KULIYA\n\n18’ff. These lines prove that the interest according to the regulation of the k£arum indeed amounted to\n30 percent per year.\n21’f. The sale of the slave – with a typical slave-name,"AKT 6, 2008.pdf  129     III.3b - CONTRACTS AND DEPOSITIONS IN MEMORAND..."
"AKT 6, 2008.pdf",128,a753e885-08c0-49a2-9296-1c2d0e244c0b,0.25552066802963613,“My father is my god” – together with his\nband or fetter (riksum) is unique and note that Old Assyrian does not use one of the terms used in OB\nfor a slave’s fetter made of copper or bronze (kannum,129     III.3b - CONTRACTS AND DEPOSITIONS IN MEMORAND...
"AKT 6, 2008.pdf",157,a38d4d84-5c29-4edc-894b-95fe741920bb,0.533901092739998,III.4 – LISTS OF TABLETS ( 62-69) 151\n\n64\n\nList of 21 tablets placed in a tamalakkum,"AKT 6, 2008.pdf  156     150\n\nTHE ARCHIVE OF KULIYA\n\nB."
"AKT 6, 2008.pdf",157,a38d4d84-5c29-4edc-894b-95fe741920bb,0.533901092739998,largely parallel to that of 62-63. It omits the tablets\nnumbered there 6,The texts\n...
"AKT 6, 2008.pdf",157,a38d4d84-5c29-4edc-894b-95fe741920bb,0.533901092739998,and 18 and for some tablets more details are given,156     150\n\nTHE ARCHIVE OF KULIYA\n\nB.
"AKT 6, 2008.pdf",157,a38d4d84-5c29-4edc-894b-95fe741920bb,0.533901092739998,tablet 1 of 62 figures\nhere (with the words aßßat Il£È-b£ani) after tablet 9,The texts\n...
CAD (N-Z).pdf,1653,d6d58834-e73e-4bd1-a28b-17fe5593dd18,0.18465396387217853,295\nPRT 137 r. 1,"CAD (N-Z).pdf  1655    297\nand a mule and for a horse, herewith I\nh..."
CAD (N-Z).pdf,1653,d6d58834-e73e-4bd1-a28b-17fe5593dd18,0.18465396387217853,also PRT 135 r. 2,"1655    297\nand a mule and for a horse, herewith I\nh..."
CAD (N-Z).pdf,1754,d206be5b-75e5-40cc-920d-635863d44eea,0.21649877439559032,396\nfrom OA,"CAD (N-Z).pdf  1755    397\niddinu the ruler and the queen sold PN,\n..."
CNIP 38.pdf,142,90e042f9-588b-c930-d5f8-f627c9de77c0,0.2745305355304069,4.3 TEGARAMA\nimplies that Kussara was located further away from Mamma than Tegarama,CNIP 38.pdf  141     CHAPTER 4:
CNIP 38.pdf,142,90e042f9-588b-c930-d5f8-f627c9de77c0,0.2745305355304069,though not nec-\nessarily on a direct route.\nThe final text connecting Mamma and Tegarama is a highly complex letter,THE LANDS EAST OF KANES\nThe purpos...
CNIP 38.pdf,142,90e042f9-588b-c930-d5f8-f627c9de77c0,0.2745305355304069,2 'hand-textiles' were sorted out as ordinary quality. Out of the (remainder),THE LANDS EAST OF KANES\nThe purpos...
CNIP 38.pdf,275,83052128-d9f8-4ee5-9b19-671d9b0df9cf,0.2583997191022848,CHAPTER 5,CNIP 38.pdf  277     CHAPTER 5:
CNIP 38.pdf,325,099eb63c-4a3c-4bca-baf4-705a46083a49,0.2029971207448742,CHAPTER 5,CNIP 38.pdf  327     CHAPTER 5:
CNIP 38.pdf,325,099eb63c-4a3c-4bca-baf4-705a46083a49,0.2029971207448742,the tithe from PN I son of PN in Kubumat,THE LANDS NORTH AND WEST OF KANES\n...
"CTTMA 1, 1988.pdf",143,be4e83cc-4099-a02b-2b1c-957fe79ce0d0,0.36044350783422907,I-a-su / qâ-sû /\n92,145     94 K CUNElFORM TEXTs IN THE METROPOLITAN MUsEU...
"CTTMA 1, 1988.pdf",148,069112e8-0ab4-7e67-a50d-30297a73b339,0.3739650328693867,30 kutanum-textiles constitute my half.\n1 i/z kutanum-textiles were nishatum-tax,149     98 K CUNEIFORM TEXTs IN THE METROPOLITAN MUsEU...
"CTTMA 1, 1988.pdf",155,a4fc1bc7-dfcb-069e-8da9-29da4890c89d,0.28788229403853205,104 K CUNEIFORM TEXTs IN THE METROPOLITAN MUsEUM OF ART,"CTTMA 1, 1988.pdf  157     106 K CUNEIFORM TEXTs IN THE METROPOLITAN MUsE..."
"CTTMA 1, 1988.pdf",158,1ed05a0b-3d9d-9e38-75c1-8afedf2bc08f,0.1854990378251187,"and I then instructed you there,\n8-11. saying",157     106 K CUNEIFORM TEXTs IN THE METROPOLITAN MUsE...
"CTTMA 1, 1988.pdf",168,03717e9c-c1ba-4456-b780-3040dbfca58c,0.28274377012833396,Suen-nâdâ ques-\ntioned Ennum-Aššur,167     116 K CUNEIFORM TEXTs IN THE METROPOLiTAN MUsE...
Dercksen 2014 The date of Hammurabi's conquest of Larsa. NABU 2014 4 note 79.pdf,21,6cb31042-ffbe-4aec-a150-31fb49f38c05,0.18414375462217278,N.A.B.U 2014/4 (décembre)\n– 139 –\nSecondly,Dercksen 2014 The date of Hammurabi's conquest of Larsa.
Dercksen 2014 The date of Hammurabi's conquest of Larsa. NABU 2014 4 note 79.pdf,21,6cb31042-ffbe-4aec-a150-31fb49f38c05,0.18414375462217278,the instance of *376 i,NABU 2014 4 note 79.pdf  23      N.A.B.U 2014/4 (décembre)\n– 141 –\n\n5) For t...
Dercksen 2014 The Old Assyrian trade and its participants 59-112.pdf,7,782831ea-b596-4846-9d0f-4c4f2045bfe6,0.24217264907132519,Jan Gerrit Dercksen\n60\neconomic goal,Dercksen 2014 The Old Assyrian trade and its participants 59-112.pdf  9       Jan Gerrit Dercksen\n62\nand formed a matter o...
Dercksen 2014 The Old Assyrian trade and its participants 59-112.pdf,9,9d504d3b-e742-48ad-9c90-4308a4a7a593,0.33276646379354086,"Jan Gerrit Dercksen\n62\nand formed a matter of grave concern,8 and warnings “not to give oneself to drinking\n(lit. to the cup)” (ana kāsim ramakka lā taddan",Dercksen 2014 The Old Assyrian trade and its participants 59-112.pdf  11      Jan Gerrit Dercksen\n64\n(...) At the time I g...
Dercksen 2014 The Old Assyrian trade and its participants 59-112.pdf,11,e2ad06bb-776a-42db-9bac-6c0b057327ff,0.3984449782572709,Jan Gerrit Dercksen\n64\n(...) At the time I gave you the naruqqum you did not have a slave,Dercksen 2014 The Old Assyrian trade and its participants 59-112.pdf  12      4 The Old Assyrian Trade and its Participants\...
Dercksen 2014 The Old Assyrian trade and its participants 59-112.pdf,11,e2ad06bb-776a-42db-9bac-6c0b057327ff,0.3984449782572709,a slave\ngirl,12      4 The Old Assyrian Trade and its Participants\...
Dercksen 2014 The Old Assyrian trade and its participants 59-112.pdf,19,2918bdfd-f8b6-4a10-224c-8c499e1fb222,0.3487204432767942,Jan Gerrit Dercksen\n72\ntextiles you keep writing to me about,Dercksen 2014 The Old Assyrian trade and its participants 59-112.pdf  20      4 The Old Assyrian Trade and its Participants\...
Dercksen 2014 The Old Assyrian trade and its participants 59-112.pdf,19,2918bdfd-f8b6-4a10-224c-8c499e1fb222,0.3487204432767942,there is no Šurbu-wool. We will buy 1 heavy\ntextile on the market and send it to you.”45 Another example of the fact that tin was\npreferred is contained in CCT 5,20      4 The Old Assyrian Trade and its Participants\...
Dercksen 2014 The Old Assyrian trade and its participants 59-112.pdf,20,213d8123-75dd-492d-b613-e866a7dbe576,0.190819073817678,4 The Old Assyrian Trade and its Participants\n73\nOccasionally there appear to have been temporary shortages of silver,Dercksen 2014 The Old Assyrian trade and its participants 59-112.pdf  19      Jan Gerrit Dercksen\n72\ntextiles you keep wri...
Dercksen 2014 The Old Assyrian trade and its participants 59-112.pdf,23,9872305c-0b0c-45ce-86e9-a83f2f5473bb,0.26648515350066687,Jan Gerrit Dercksen\n76\ntextiles (below 15).56 This has to do with the margin for proit and will be discussed\nbelow. A rate of 14 was considered expensive according to BIN 6,Dercksen 2014 The Old Assyrian trade and its participants 59-112.pdf  24      4 The Old Assyrian Trade and its Participants\...
Dercksen 2014 The Old Assyrian trade and its participants 59-112.pdf,23,9872305c-0b0c-45ce-86e9-a83f2f5473bb,0.26648515350066687,59. At 13 and lower\n(12 1/2 or 12),24      4 The Old Assyrian Trade and its Participants\...
Dercksen 2014 The Old Assyrian trade and its participants 59-112.pdf,35,c5989ffb-ee1e-4958-8bb5-6f48503bfb20,0.2533545234460231,Jan Gerrit Dercksen\n88\n7. GOLD\nGold has a special position among the objects of trade.77 It was a highly prized material\nand one letter contains the somewhat deprecatory remark “When they see gold,Dercksen 2014 The Old Assyrian trade and its participants 59-112.pdf  34      4 The Old Assyrian Trade and its Participants\...
Dercksen 2014 The Old Assyrian trade and its participants 59-112.pdf,35,c5989ffb-ee1e-4958-8bb5-6f48503bfb20,0.2533545234460231,(their)\nhands and feet tremble” referring to unspeciied “men” (awīlū).78 It was made into\njewellery and formed the valuta of the naruqqum-joint-stock investments in a way that\nis still imperfectly understood. But most importantly,34      4 The Old Assyrian Trade and its Participants\...
Dercksen 2014 The Old Assyrian trade and its participants 59-112.pdf,45,a665a8fd-07d3-6eec-af07-6aab720ec799,0.2943134297595194,Jan Gerrit Dercksen\n98\nwhich was sent to Anatolia to be sold there as a tadmiqtum. Such a dire situation is\nvividly described in some of the letters sent by Tāram-Kūbi to her husband Innāya. A\nletter from Assur sent to Alahum contains the following lines,Dercksen 2014 The Old Assyrian trade and its participants 59-112.pdf  44      4 The Old Assyrian Trade and its Participants\...
Dercksen 2014 The Old Assyrian trade and its participants 59-112.pdf,45,a665a8fd-07d3-6eec-af07-6aab720ec799,0.2943134297595194,“You wrote to me,44      4 The Old Assyrian Trade and its Participants\...
Dercksen 2014 The Old Assyrian trade and its participants 59-112.pdf,50,2e7970f4-6254-ec90-d3a9-d712efcdc4a9,0.20372039712821813,4 The Old Assyrian Trade and its Participants\n103\nforward a letter is described in RA 59,Dercksen 2014 The Old Assyrian trade and its participants 59-112.pdf  51      Jan Gerrit Dercksen\n104\nas an attorney after...
Dercksen 2015 Six texts with new and rare toponyms from the house of Ali-ahum FG Günbatti 49-58.pdf,18,66f1aadc-9fdb-425b-af11-ba944cc9c683,0.4092103977098805,Jan Gerrit DERCKSEN\n53\na-Pá-na-kà 5 du-ul-ba-tim\nú sà-he-er-tám\nlo.e.\n15\ni-Hu-ma-hi-im\nrev.\na-na dEN.LÍL-ba-ni\ñ ma-na URUDU a-šar e-ma-ru-ni\ni-zi-zu-ni i-Hu-ma-hi-im\n15 GÍN URUDU i-Zu-ur-zi\n20\n½ ma-na URUDU a-ma-sú-im ša A-ší-/hi-im\n½ ma-na LÁ ½ GÍN AN.NA\n10 du-ul-ba-tim ú 2 ší-ni-šu\ni-li-BE-im Ì.SAG ú sà-he-/er-/tám\na-na É.GAL-lim 5 GÍN AN.NA\n25\n5 du-ul-ba-tim ú ma-lá\ni-li-BE-im Ì.SAG\nú sà-he-er-tám\nu.e.\na-na kà-ší-im\nl.e.\ni-Hu-ru-um-ha-ší-im\n\n(Lines 1-10 are too broken for translation). “[...] for wine. 3 shekels of tin,Dercksen 2015 Six texts with new and rare toponyms from the house of Ali-ahum FG Günbatti 49-58.pdf  19      CAHİT GÜNBATTI’YA ARMAĞAN\n54\nú ku-nu-kam ša ...
"Dercksen 2015 The goddess who was robbed of her jewellery Anatolica 41, 37-59..pdf",7,365b25ea-e14b-4edd-ae1b-36de19410485,0.3286139808658065,38\nJan Gerrit Dercksen\nThe priest and his family\nŠu-Ištar was married in Kanesh to a woman by the name of Watniašwe,"Dercksen 2015 The goddess who was robbed of her jewellery Anatolica 41, 37-59..pdf  8       Anatolica XLI, 2015\n39\n20 [kà-ru-um] :"
"Dercksen 2015 The goddess who was robbed of her jewellery Anatolica 41, 37-59..pdf",7,365b25ea-e14b-4edd-ae1b-36de19410485,0.3286139808658065,who is called\nhis maid (amtum) in Kt c/k 18,i-be-...
"Dercksen 2015 The goddess who was robbed of her jewellery Anatolica 41, 37-59..pdf",8,365b25ea-e14b-4edd-ae1b-36de19410485,0.5861317461459127,2015\n39\n20 [kà-ru-um],7       38\nJan Gerrit Dercksen\nThe priest and his fa...
"Dercksen 2015 The goddess who was robbed of her jewellery Anatolica 41, 37-59..pdf",23,b7668a9a-c8f7-7ba7-8f5e-2ccf55adf735,0.5080229268700082,54\nJan Gerrit Dercksen\nAppendix\nTPAK 1,"Dercksen 2015 The goddess who was robbed of her jewellery Anatolica 41, 37-59..pdf  24      Anatolica XLI, 2015\n55\nar-dam :"
"Dercksen 2015 The goddess who was robbed of her jewellery Anatolica 41, 37-59..pdf",23,b7668a9a-c8f7-7ba7-8f5e-2ccf55adf735,0.5080229268700082,105 and the three tablets published in Donbaz 2008 are important for the\nunderstanding of Kt c/k 18,ta-du-a-/ak*...
"Dercksen 2015 The goddess who was robbed of her jewellery Anatolica 41, 37-59..pdf",26,2678d89d-992a-4e39-8f5c-ee4a31d5cdf2,0.4903213633609655,2015\n57\nKt 88/k 971\nPublication,"27      58\nJan Gerrit Dercksen\nus, the children of Š..."
"Dercksen 2015 The goddess who was robbed of her jewellery Anatolica 41, 37-59..pdf",27,365b25ea-e14b-4edd-ae1b-36de19410485,0.2771585615425546,58\nJan Gerrit Dercksen\nus,"Dercksen 2015 The goddess who was robbed of her jewellery Anatolica 41, 37-59..pdf  26      Anatolica XLI, 2015\n57\nKt 88/k 971\nPublicat..."
"Dercksen, J. G. - Old Assyrian Institutions (OAI). MOS 4. PIHANS 98, 2004.pdf",66,88aca1bf-8359-4789-843f-f2d746bc03b0,0.21790125733062782,THE DEBT POLICY OF THE CITY HALL\n43\n• Pau-ken was guarantor for Puzur-sadue,"Dercksen, J."
"Dercksen, J. G. - Old Assyrian Institutions (OAI). MOS 4. PIHANS 98, 2004.pdf",66,88aca1bf-8359-4789-843f-f2d746bc03b0,0.21790125733062782,Ankara 1938,- Old Assyrian Institutions (OAI).
"Dercksen, J. G. - Old Assyrian Institutions (OAI). MOS 4. PIHANS 98, 2004.pdf",66,88aca1bf-8359-4789-843f-f2d746bc03b0,0.21790125733062782,1 mina of\nsilver of Puzur-sadue,"PIHANS 98, 2004.pdf  68      THE DEBT POLICY OF THE CITY HALL\n45\n39Su\nsu..."
"Dercksen, J. G. - Old Assyrian Institutions (OAI). MOS 4. PIHANS 98, 2004.pdf",66,88aca1bf-8359-4789-843f-f2d746bc03b0,0.21790125733062782,for whom our father had been registered as guarantor,68      THE DEBT POLICY OF THE CITY HALL\n45\n39Su\nsu...
"Dercksen, J. G. - Old Assyrian Institutions (OAI). MOS 4. PIHANS 98, 2004.pdf",69,c6e28b97-3cd4-4e19-8545-8cc211b2f5c6,0.2689153370206533,but also\nbetween the City Hall and its debtors. An example of the way in which this institution\ncalculated interest is contained in TC I,- Old Assyrian Institutions (OAI).
"Dercksen, J. G. - Old Assyrian Institutions (OAI). MOS 4. PIHANS 98, 2004.pdf",163,301a812d-3de7-4f69-81a6-e777ab73da93,0.287930034194162,for example,- Old Assyrian Institutions (OAI).
"Dercksen, J. G. - Old Assyrian Institutions (OAI). MOS 4. PIHANS 98, 2004.pdf",163,301a812d-3de7-4f69-81a6-e777ab73da93,0.287930034194162,while\nanother person had five shares according to TC 3,"PIHANS 98, 2004.pdf  165     142\nCHAPTER SEVEN\nThe author of this text ca..."
"Dercksen, J. G. - Old Assyrian Institutions (OAI). MOS 4. PIHANS 98, 2004.pdf",163,301a812d-3de7-4f69-81a6-e777ab73da93,0.287930034194162,154. 393\n7.2.4 Datum and 'communal pouring' at other colonies\nMost of the available documention regarding sitapkum,165     142\nCHAPTER SEVEN\nThe author of this text ca...
"Dercksen, J. G. - Old Assyrian Institutions (OAI). MOS 4. PIHANS 98, 2004.pdf",222,acfb708d-92ed-4f34-8770-7e0dff832f6e,0.2465678152719043,may have been extraordinary.\nA direct message from the colony to a merchant may be mentioned in ICK I,- Old Assyrian Institutions (OAI).
"Dercksen, J. G. - Old Assyrian Institutions (OAI). MOS 4. PIHANS 98, 2004.pdf",222,acfb708d-92ed-4f34-8770-7e0dff832f6e,0.2465678152719043,a letter from Imdilum and\nAssur-suliili to Ennu-Bélum,224     THE SETTLEMENT OF ACCOUNTS\n201\n41Make him sw...
"Dercksen, J. G. - Old Assyrian Institutions, MOS 4. PIHANS 98, 2004 (2).pdf",66,4bd5afec-6ad6-70c1-f6b9-5a84e9fad7e8,0.2375759281230689,KEL 110/II,"- Old Assyrian Institutions, MOS 4."
"Dercksen, J. G. - Old Assyrian Institutions, MOS 4. PIHANS 98, 2004 (2).pdf",66,4bd5afec-6ad6-70c1-f6b9-5a84e9fad7e8,0.2375759281230689,they\nwill pay back within 3 months. If they default,"PIHANS 98, 2004 (2).pdf  67      110\nCHAPTER SIX\nTHE OFFICE OF THE COLONY\n11..."
"Dercksen, J. G. - Old Assyrian Institutions, MOS 4. PIHANS 98, 2004 (2).pdf",66,4bd5afec-6ad6-70c1-f6b9-5a84e9fad7e8,0.2375759281230689,they will add 135 grains per mina as\nmonthly interest. Innâya,67      110\nCHAPTER SIX\nTHE OFFICE OF THE COLONY\n11...
"Dercksen, J. G. - The Old Assyrian Copper Trade in Anatolia. (OACTA) PIHANS 75, 1996.pdf",19,fa29d5f8-121e-54f5-3b43-a82fafe84a70,0.23183628061433062,10\nCHAPTER ONE\n6. Murgul-Kuvarshan,"Dercksen, J."
"Dercksen, J. G. - The Old Assyrian Copper Trade in Anatolia. (OACTA) PIHANS 75, 1996.pdf",19,fa29d5f8-121e-54f5-3b43-a82fafe84a70,0.23183628061433062,and Hattusa with Bogazköy,"(OACTA) PIHANS 75, 1996.pdf  20      THE GEOGRAPHICAL BACKGROUND\n11\nI assume that..."
"Dercksen, J. G. - The Old Assyrian Copper Trade in Anatolia. (OACTA) PIHANS 75, 1996.pdf",20,fa29d5f8-121e-54f5-3b43-a82fafe84a70,0.3718274805955046,like the meaning of the words in line 17 Or of lines 40-42,- The Old Assyrian Copper Trade in Anatolia.
"Dercksen, J. G. - The Old Assyrian Copper Trade in Anatolia. (OACTA) PIHANS 75, 1996.pdf",20,fa29d5f8-121e-54f5-3b43-a82fafe84a70,0.3718274805955046,it can be seen that a\ntrip with a dOnkey caravan from Kanish to Purushattum tOok fOur days. The average daily\ndistance covered by such a caravan is put at 30 kilOmetres. 29\nBefore giving the propOsed location of the cities named in this text,"(OACTA) PIHANS 75, 1996.pdf  21      12\nCHAPTER ONE\nSalatuar (7-21):"
"Dercksen, J. G. - The Old Assyrian Copper Trade in Anatolia. (OACTA) PIHANS 75, 1996.pdf",21,c888f3d9-5d3a-41d9-8c83-f3f9b9840a98,0.2643941610240551,12\nCHAPTER ONE\nSalatuar (7-21),"Dercksen, J."
"Dercksen, J. G. - The Old Assyrian Copper Trade in Anatolia. (OACTA) PIHANS 75, 1996.pdf",21,c888f3d9-5d3a-41d9-8c83-f3f9b9840a98,0.2643941610240551,`I gave 3 shekels Of silver to the inn,- The Old Assyrian Copper Trade in Anatolia.
"Dercksen, J. G. - The Old Assyrian Copper Trade in Anatolia. (OACTA) PIHANS 75, 1996.pdf",21,c888f3d9-5d3a-41d9-8c83-f3f9b9840a98,0.2643941610240551,I paid 3 shekels Of silver to the kârum-\nOffice as saddu'atum-tax,"(OACTA) PIHANS 75, 1996.pdf  20      THE GEOGRAPHICAL BACKGROUND\n11\nI assume that..."
"Dercksen, J. G. - The Old Assyrian Copper Trade in Anatolia. (OACTA) PIHANS 75, 1996.pdf",63,a684d625-4777-40c9-cedc-739be3b953ed,0.35220436734524607,1 4 GÚ 28 ma-na 2 URUDU sa kà-u-nim 3 i-na É kà-ri-im 4 i-\nna Pu-ru-us-ha-tim 5 a-lc -qé,"(OACTA) PIHANS 75, 1996.pdf  64      THE OLD ASSYRIAN TERMINOLOGY\n55\nTismurna."
"Dercksen, J. G. - The Old Assyrian Copper Trade in Anatolia. (OACTA) PIHANS 75, 1996.pdf",103,ceed5cb3-7eac-402e-9177-cfc8e29dd0d4,0.2077988429444635,94\nCHAPTER FOUR\n1,"Dercksen, J."
"Dercksen, J. G. - The Old Assyrian Copper Trade in Anatolia. (OACTA) PIHANS 75, 1996.pdf",103,ceed5cb3-7eac-402e-9177-cfc8e29dd0d4,0.2077988429444635,61 (= kt a/k 421) a witness together with Sù-Istar sOn Of Eradi,- The Old Assyrian Copper Trade in Anatolia.
"Dercksen, J. G. - The Old Assyrian Copper Trade in Anatolia. (OACTA) PIHANS 75, 1996.pdf",103,ceed5cb3-7eac-402e-9177-cfc8e29dd0d4,0.2077988429444635,290 in kt a/k 299 he\ncOllects silver from Dâri-Assur son of Salim-ahum. 291 Outside the kt a/k texts he occurs in\nBIN 6,"(OACTA) PIHANS 75, 1996.pdf  104     THE TRADE:"
"Dercksen, J. G. - The Old Assyrian Copper Trade in Anatolia. (OACTA) PIHANS 75, 1996.pdf",103,ceed5cb3-7eac-402e-9177-cfc8e29dd0d4,0.2077988429444635,250.13 as witness to a consignment Of silver to Pùgu-kén,ADAD-SULLILÌ\n95\nKB sa-bu 22 tup-p...
"Dercksen, J. G. - The Old Assyrian Copper Trade in Anatolia. (OACTA) PIHANS 75, 1996.pdf",106,fc420bf9-d42a-4867-a1fe-ed41b74f02b8,0.2684624612684921,THE TRADE,"Dercksen, J."
"Dercksen, J. G. - The Old Assyrian Copper Trade in Anatolia. (OACTA) PIHANS 75, 1996.pdf",106,fc420bf9-d42a-4867-a1fe-ed41b74f02b8,0.2684624612684921,"ADAD-SULÜI.f\n97\nfamily,303 with Püsu'kén's partner Puzur-As§ur sOn Of Isar-kitt-Assur",- The Old Assyrian Copper Trade in Anatolia.
"Dercksen, J. G. - The Old Assyrian Copper Trade in Anatolia. (OACTA) PIHANS 75, 1996.pdf",106,fc420bf9-d42a-4867-a1fe-ed41b74f02b8,0.2684624612684921,and with the sons\nOf As§ur-iddin sOn of Suli,"(OACTA) PIHANS 75, 1996.pdf  108     THE TRADE:"
"Dercksen, J. G. - The Old Assyrian Copper Trade in Anatolia. (OACTA) PIHANS 75, 1996.pdf",106,fc420bf9-d42a-4867-a1fe-ed41b74f02b8,0.2684624612684921,A§sur-nâdâ,ADAD -SULÜLf\n99\nSuen or Summa-lib...
"Dercksen, J. G. - The Old Assyrian Copper Trade in Anatolia. (OACTA) PIHANS 75, 1996.pdf",121,38740cb4-c898-1cca-ba54-39c02c691c17,0.2508631821200223,112\nCHAPTER FOUR\ndebt-notes (kt c/k 430,"Dercksen, J."
"Dercksen, J. G. - The Old Assyrian Copper Trade in Anatolia. (OACTA) PIHANS 75, 1996.pdf",121,38740cb4-c898-1cca-ba54-39c02c691c17,0.2508631821200223,and the Sammelmemoranda kt c/k 839 (published in\nDonbaz 1985a,- The Old Assyrian Copper Trade in Anatolia.
"Dercksen, J. G. - The Old Assyrian Copper Trade in Anatolia. (OACTA) PIHANS 75, 1996.pdf",123,7b515e90-092e-60a8-1c8c-fea051848a1c,0.23422083431713275,114\nCHAPTER FOUR\namOunt\ntab left 277 textiles + 2 t. of tin with Tahagaili,"Dercksen, J."
"Dercksen, J. G. - The Old Assyrian Copper Trade in Anatolia. (OACTA) PIHANS 75, 1996.pdf",123,7b515e90-092e-60a8-1c8c-fea051848a1c,0.23422083431713275,"6,700\nminas. This could mean\nu-sé-ri-\nbu\nin was sold late\na-qa-tt-su\nsign\na-di-sum;;\nurughattum were:\nConsignment 1)\n2 talents of refined copper 361\nWa-qa -ti-sut il5-qe\nurned to Tahagaili to b\nma-si-am\ntin to Purugha\nis-ti\nhe took the 9 textiles\nfor wrapping th\nse\ntin (kt c/k 263.7-9)","(OACTA) PIHANS 75, 1996.pdf  124     Tahasaili\nOf\nbrOught\nAssur-tab's\nPurushatt..."
"Dercksen, J. G. - The Old Assyrian Copper Trade in Anatolia. (OACTA) PIHANS 75, 1996.pdf",124,24beb353-6cb1-e690-4df1-fa3b7fa0850f,0.2838476997110355,ALAHUM\n115\nTse\na\nri\nili gave 5 talents of refined/fine copper to Alâhum son of Nür-Suen,- The Old Assyrian Copper Trade in Anatolia.
"Dercksen, J. G. - The Old Assyrian Copper Trade in Anatolia. (OACTA) PIHANS 75, 1996.pdf",124,24beb353-6cb1-e690-4df1-fa3b7fa0850f,0.2838476997110355,"who brought it,\nclk\ngether with Aggur-tab's tin","(OACTA) PIHANS 75, 1996.pdf  125     116\nCHAPTER FOUR\nSOme time after Alâhum son ..."
"Dercksen, J. G. - The Old Assyrian Copper Trade in Anatolia. (OACTA) PIHANS 75, 1996.pdf",125,24beb353-6cb1-e690-4df1-fa3b7fa0850f,0.18180349923765812,Alâhum\nand Walia brought tO Assur-tab in Purughattum by wagon 6 talents of broken refined copper\n(in kt c/k 254 and 535 called 'fine copper'),- The Old Assyrian Copper Trade in Anatolia.
"Dercksen, J. G. - The Old Assyrian Copper Trade in Anatolia. (OACTA) PIHANS 75, 1996.pdf",125,24beb353-6cb1-e690-4df1-fa3b7fa0850f,0.18180349923765812,and 14 talents of sikkum copper sealed by\nTahasaili,"(OACTA) PIHANS 75, 1996.pdf  126     THE TRADE:"
"Dercksen, J. G. - The Old Assyrian Copper Trade in Anatolia. (OACTA) PIHANS 75, 1996.pdf",125,24beb353-6cb1-e690-4df1-fa3b7fa0850f,0.18180349923765812,(kt c/k 254.3-11,ALAHUM\n117\nconsignment consisted ...
"Dercksen, J. G. - The Old Assyrian Copper Trade in Anatolia. (OACTA) PIHANS 75, 1996.pdf",126,38740cb4-c898-1cca-ba54-39c02c691c17,0.2128642877915737,THE TRADE,"Dercksen, J."
"Dercksen, J. G. - The Old Assyrian Copper Trade in Anatolia. (OACTA) PIHANS 75, 1996.pdf",126,38740cb4-c898-1cca-ba54-39c02c691c17,0.2128642877915737,ALAHUM\n117\nconsignment consisted of the largest amount,- The Old Assyrian Copper Trade in Anatolia.
"Dercksen, J. G. - The Old Assyrian Copper Trade in Anatolia. (OACTA) PIHANS 75, 1996.pdf",126,38740cb4-c898-1cca-ba54-39c02c691c17,0.2128642877915737,20 talents Of copper. Iti this case a wagOn was\nused,"(OACTA) PIHANS 75, 1996.pdf  125     116\nCHAPTER FOUR\nSOme time after Alâhum son ..."
"Dercksen, J. G. - The Old Assyrian Copper Trade in Anatolia. (OACTA) PIHANS 75, 1996.pdf",132,7dfe2391-ade1-5e1f-3a77-3760913fda51,0.22758222520334112,THE TRADE,"Dercksen, J."
"Dercksen, J. G. - The Old Assyrian Copper Trade in Anatolia. (OACTA) PIHANS 75, 1996.pdf",132,7dfe2391-ade1-5e1f-3a77-3760913fda51,0.22758222520334112,IMDILUM\n123\n(in Kunanamit?) to retailers,- The Old Assyrian Copper Trade in Anatolia.
"Dercksen, J. G. - The Old Assyrian Copper Trade in Anatolia. (OACTA) PIHANS 75, 1996.pdf",134,37e7d474-538b-06d5-810f-97475010ba4c,0.26559617495667037,THE TRADE,"Dercksen, J."
"Dercksen, J. G. - The Old Assyrian Copper Trade in Anatolia. (OACTA) PIHANS 75, 1996.pdf",134,37e7d474-538b-06d5-810f-97475010ba4c,0.26559617495667037,IMDILUM\n125\n4.4.2\nProcurement and sale of copper\nIn this archive,- The Old Assyrian Copper Trade in Anatolia.
"Dercksen, J. G. - The Old Assyrian Copper Trade in Anatolia. (OACTA) PIHANS 75, 1996.pdf",134,37e7d474-538b-06d5-810f-97475010ba4c,0.26559617495667037,"copper is chiefly obtained in exchange for textiles and wool.\ntextiles\nThe exchange Of textiles for copper is mentioned in LB 1295. 395 The palace Of Purushattum\nbOught 32 kutânum-textiles frOm Ennu-Bélum fOr 1,280 minas (CCT 2","(OACTA) PIHANS 75, 1996.pdf  135     126\nCHAPTER FOUR\nImdilum:"
"Dercksen, J. G. - The Old Assyrian Copper Trade in Anatolia. (OACTA) PIHANS 75, 1996.pdf",134,37e7d474-538b-06d5-810f-97475010ba4c,0.26559617495667037,396 and in KTS\n2,"Aur-taklaku, Huras..."
"Dercksen, J. G. - The Old Assyrian Copper Trade in Anatolia. (OACTA) PIHANS 75, 1996.pdf",135,a684d625-4777-40c9-cedc-739be3b953ed,0.20754110952516086,126\nCHAPTER FOUR\nImdilum,"Dercksen, J."
"Dercksen, J. G. - The Old Assyrian Copper Trade in Anatolia. (OACTA) PIHANS 75, 1996.pdf",135,a684d625-4777-40c9-cedc-739be3b953ed,0.20754110952516086,Aur-taklaku,- The Old Assyrian Copper Trade in Anatolia.
"Dercksen, J. G. - The Old Assyrian Copper Trade in Anatolia. (OACTA) PIHANS 75, 1996.pdf",135,a684d625-4777-40c9-cedc-739be3b953ed,0.20754110952516086,Hurasanum's transporter,"(OACTA) PIHANS 75, 1996.pdf  134     THE TRADE:"
"Dercksen, J. G. - The Old Assyrian Copper Trade in Anatolia. (OACTA) PIHANS 75, 1996.pdf",135,a684d625-4777-40c9-cedc-739be3b953ed,0.20754110952516086,has brought you my letter. (I had written) in my letter,IMDILUM\n125\n4.4.2\nProcurement an...
"Dercksen, J. G. - The Old Assyrian Copper Trade in Anatolia. (OACTA) PIHANS 75, 1996.pdf",145,8d23b8b8-d35a-4001-82bb-3fa97107067c,0.27458975926093665,where white lubicsum-\ntextiles are sold at 2 1/2 talents each for Kulumâya,- The Old Assyrian Copper Trade in Anatolia.
"Dercksen, J. G. - The Old Assyrian Copper Trade in Anatolia. (OACTA) PIHANS 75, 1996.pdf",145,8d23b8b8-d35a-4001-82bb-3fa97107067c,0.27458975926093665,and RA 60,"(OACTA) PIHANS 75, 1996.pdf  146     THE TRADE:"
"Dercksen, J. G. - The Old Assyrian Copper Trade in Anatolia. (OACTA) PIHANS 75, 1996.pdf",145,8d23b8b8-d35a-4001-82bb-3fa97107067c,0.27458975926093665,where sulupkd'um-\ntextiles are sOld at 50 minas of fine copper each,PUZUR-ASSUR\n137\nwool\nInformation...
"Dercksen, J. G. - The Old Assyrian Copper Trade in Anatolia. (OACTA) PIHANS 75, 1996.pdf",146,8d23b8b8-d35a-4001-82bb-3fa97107067c,0.19927357656300246,THE TRADE,"Dercksen, J."
"Dercksen, J. G. - The Old Assyrian Copper Trade in Anatolia. (OACTA) PIHANS 75, 1996.pdf",146,8d23b8b8-d35a-4001-82bb-3fa97107067c,0.19927357656300246,PUZUR-ASSUR\n137\nwool\nInformation On the exchange rate of 2 minas of wool per mina sikkum copper (in a city other\nthan Turhumit) is given in CCT 4,- The Old Assyrian Copper Trade in Anatolia.
"Dercksen, J. G. - The Old Assyrian Copper Trade in Anatolia. (OACTA) PIHANS 75, 1996.pdf",146,8d23b8b8-d35a-4001-82bb-3fa97107067c,0.19927357656300246,38a. 423 The proceeds of wOol listed in TC 3,"(OACTA) PIHANS 75, 1996.pdf  147     138\nCHAPTER FOUR\nas proceeds of hides Of Oxe..."
"Dercksen, J. G. - The Old Assyrian Copper Trade in Anatolia. (OACTA) PIHANS 75, 1996.pdf",151,80e8c671-0b70-8512-ce33-fa28be2e6dba,0.2259206556978811,as\nHunia reports to his brother in kt n/k 483 (see below). At times,- The Old Assyrian Copper Trade in Anatolia.
"Dercksen, J. G. - The Old Assyrian Copper Trade in Anatolia. (OACTA) PIHANS 75, 1996.pdf",151,80e8c671-0b70-8512-ce33-fa28be2e6dba,0.2259206556978811,USur-ga-Istar mistrusts his\nbrOther's lOyalty. In kt n/k 1277,"(OACTA) PIHANS 75, 1996.pdf  152     THE TRADE:"
"Dercksen, J. G. - The Old Assyrian Copper Trade in Anatolia. (OACTA) PIHANS 75, 1996.pdf",151,80e8c671-0b70-8512-ce33-fa28be2e6dba,0.2259206556978811,Ikuppia defends himself against accusations that he had\nused copper belonging to USur-sa-Istar and destined for Kanish and Purushattum,USUR-SA-ISTAR\n143\nwas at that tim...
"Dercksen, J. G. - The Old Assyrian Copper Trade in Anatolia. (OACTA) PIHANS 75, 1996.pdf",153,4e8411da-5198-451c-bdef-bf6477f79a03,0.1955968455310067,which he will sell for copper fOr Usur-sa-Istar (kt n/k 1153). 449 In kt n/k\n299,- The Old Assyrian Copper Trade in Anatolia.
"Dercksen, J. G. - The Old Assyrian Copper Trade in Anatolia. (OACTA) PIHANS 75, 1996.pdf",153,4e8411da-5198-451c-bdef-bf6477f79a03,0.1955968455310067,and 208. 453\nreceived in Ti§murna 10 talents of fine copper as the proceeds of 50 textiles. We will make Iddi(n)-Assur\nacquire (copper) by selling the tin. There is poor copper available to pay for both textiles and poor tin,USUR-SA-ISTAR\n145\nwool\nIn kt n/k...
"Dercksen, J. G. - The Old Assyrian Copper Trade in Anatolia. (OACTA) PIHANS 75, 1996.pdf",154,24beb353-6cb1-e690-4df1-fa3b7fa0850f,0.18172167895721805,THE TRADE,"Dercksen, J."
"Dercksen, J. G. - The Old Assyrian Copper Trade in Anatolia. (OACTA) PIHANS 75, 1996.pdf",154,24beb353-6cb1-e690-4df1-fa3b7fa0850f,0.18172167895721805,USUR-SA-ISTAR\n145\nwool\nIn kt n/k 463,- The Old Assyrian Copper Trade in Anatolia.
"Dercksen, J. G. - The Old Assyrian Copper Trade in Anatolia. (OACTA) PIHANS 75, 1996.pdf",154,24beb353-6cb1-e690-4df1-fa3b7fa0850f,0.18172167895721805,a cOnsignment of wool weighing 21 talents 45 minas,"(OACTA) PIHANS 75, 1996.pdf  153     144\nCHAPTER FOUR\nn/k 482 are bOught by the p..."
"Dercksen, J. G. - The Old Assyrian Copper Trade in Anatolia. (OACTA) PIHANS 75, 1996.pdf",181,5994dddf-40b5-4ecd-8a72-f84395042a08,0.20699172019704906,'the accounting of the karum',- The Old Assyrian Copper Trade in Anatolia.
"Dercksen, J. G. - The Old Assyrian Copper Trade in Anatolia. (OACTA) PIHANS 75, 1996.pdf",181,5994dddf-40b5-4ecd-8a72-f84395042a08,0.20699172019704906,often called simply the\nnikkassü,"(OACTA) PIHANS 75, 1996.pdf  180     THE PALACE AND THE KA -RUM\n173\n5.5\nThe kâru..."
"Dercksen, J. G. - The Old Assyrian Copper Trade in Anatolia. (OACTA) PIHANS 75, 1996.pdf",184,e94648eb-4a37-0e77-7933-1a7953ce697e,0.29538443416796833,should we fight\namOng ourselves?! Buzâzu has been credited with 81 minas of copper per year. He\ndemanded (it) here from me,- The Old Assyrian Copper Trade in Anatolia.
"Dercksen, J. G. - The Old Assyrian Copper Trade in Anatolia. (OACTA) PIHANS 75, 1996.pdf",184,e94648eb-4a37-0e77-7933-1a7953ce697e,0.29538443416796833,saying (as explanatiOn),"(OACTA) PIHANS 75, 1996.pdf  183     1T6\nCHAPTER FIVE\nis low, and points to poor ..."
"Dercksen, J. G. - The Old Assyrian Copper Trade in Anatolia. (OACTA) PIHANS 75, 1996.pdf",184,e94648eb-4a37-0e77-7933-1a7953ce697e,0.29538443416796833,"""I did not cOllect it."" He went there,\nbut the kärum replied (to me)","183     1T6\nCHAPTER FIVE\nis low, and points to poor ..."
"Dercksen, J. G. - The Old Assyrian Copper Trade in Anatolia. (OACTA) PIHANS 75, 1996.pdf",191,6312edb6-a4f2-4097-894e-355c71062292,0.31628707154754787,184\nSELECTED TEXTS\n2 ICK 2,"Dercksen, J."
"Dercksen, J. G. - The Old Assyrian Copper Trade in Anatolia. (OACTA) PIHANS 75, 1996.pdf",191,6312edb6-a4f2-4097-894e-355c71062292,0.31628707154754787,54\nSee pp.39,- The Old Assyrian Copper Trade in Anatolia.
"Dercksen, J. G. - The Old Assyrian Copper Trade in Anatolia. (OACTA) PIHANS 75, 1996.pdf",191,6312edb6-a4f2-4097-894e-355c71062292,0.31628707154754787,and 157.\nA transcription and translatiOn Of the whOle text can be found in Ichisar 1981,"(OACTA) PIHANS 75, 1996.pdf  192     1\n5\n10\nR\n15\n20\nSELECTED TEXTS\n185\n3 AK..."
"Dercksen, J. G. - The Old Assyrian Copper Trade in Anatolia. (OACTA) PIHANS 75, 1996.pdf",192,cd9c99d8-8d79-4e22-a3fb-5c955b40840e,0.38123162453926723,1\n5\n10\nR\n15\n20\nSELECTED TEXTS\n185\n3 AKT 1,"Dercksen, J."
"Dercksen, J. G. - The Old Assyrian Copper Trade in Anatolia. (OACTA) PIHANS 75, 1996.pdf",192,cd9c99d8-8d79-4e22-a3fb-5c955b40840e,0.38123162453926723,82\nTranscriptiOn and translation in Turkish of this text (excavation number kt y/k 14) in AKT\n1,- The Old Assyrian Copper Trade in Anatolia.
"Dercksen, J. G. - The Old Assyrian Copper Trade in Anatolia. (OACTA) PIHANS 75, 1996.pdf",193,fa29d5f8-121e-54f5-3b43-a82fafe84a70,0.2554447915233912,and 156.\nUnpublished text in Ankara (inv. no. 154-262-64),- The Old Assyrian Copper Trade in Anatolia.
"Dercksen, J. G. - The Old Assyrian Copper Trade in Anatolia. (OACTA) PIHANS 75, 1996.pdf",193,fa29d5f8-121e-54f5-3b43-a82fafe84a70,0.2554447915233912,duplicated by kt c/k 735. Lines 18-29\nwere quOted by K. Balkan (1979,"(OACTA) PIHANS 75, 1996.pdf  194     SELECTED TEXTS\n187\na-dí-i'18 a-na TOG ."
"Dercksen, J. G. - The Old Assyrian Copper Trade in Anatolia. (OACTA) PIHANS 75, 1996.pdf",195,5abc2cf2-057f-fef0-6d9d-0e0d8ff9d884,0.22323981548030603,thus (says) Ikuppia,- The Old Assyrian Copper Trade in Anatolia.
"Dercksen, J. G. - The Old Assyrian Copper Trade in Anatolia. (OACTA) PIHANS 75, 1996.pdf",195,5abc2cf2-057f-fef0-6d9d-0e0d8ff9d884,0.22323981548030603,"3-13a we have divided into three parts the 3\ngold beads and the 1 mina 53 1/2 shekels Of ""strong silver"" that yOu sent and I have taken\nOne part of the silver","(OACTA) PIHANS 75, 1996.pdf  194     SELECTED TEXTS\n187\na-dí-i'18 a-na TOG ."
"Dercksen, J. G. - The Old Assyrian Copper Trade in Anatolia. (OACTA) PIHANS 75, 1996.pdf",196,3ea3f708-2418-4e8c-9274-d7716a605296,0.5788957386102298,URUDU SIG5,- The Old Assyrian Copper Trade in Anatolia.
"Dercksen, J. G. - The Old Assyrian Copper Trade in Anatolia. (OACTA) PIHANS 75, 1996.pdf",196,3ea3f708-2418-4e8c-9274-d7716a605296,0.5788957386102298,e-pu-us-ma\nli-im-hu-ra-ni,"(OACTA) PIHANS 75, 1996.pdf  195     188\nSELECTED TEXTS\n[a-na] u4-me a-na lb-ni-1..."
"Dercksen, J. G. - The Old Assyrian Copper Trade in Anatolia. (OACTA) PIHANS 75, 1996.pdf",198,a33ed8ec-ad23-90a8-f8fc-5831321d0f99,0.3995250767697695,Puzur-Asgur's representative,- The Old Assyrian Copper Trade in Anatolia.
"Dercksen, J. G. - The Old Assyrian Copper Trade in Anatolia. (OACTA) PIHANS 75, 1996.pdf",199,d9833e58-812d-b7f9-f58b-37c0150cbe87,0.29601997795259893,there\nthere is a deficit of 12 minas. 24b-29 Your representatives sent from\nfrOmsugana 52\nkutânum-textiles,- The Old Assyrian Copper Trade in Anatolia.
"Dercksen, J. G. - The Old Assyrian Copper Trade in Anatolia. (OACTA) PIHANS 75, 1996.pdf",199,d9833e58-812d-b7f9-f58b-37c0150cbe87,0.29601997795259893,of these we sold\nsOldkutânum-textiles to P\ntO u-kén at a price of 9\nOf/4\nshekels (of\n(Ofver) a piece,"(OACTA) PIHANS 75, 1996.pdf  198     SELECTED TEXTS\n191\nI-a-sa - us-té-bi-lam\n3 ..."
"Dercksen, J. G. - The Old Assyrian Copper Trade in Anatolia. (OACTA) PIHANS 75, 1996.pdf",201,38740cb4-c898-1cca-ba54-39c02c691c17,0.6207932959621112,JÀ.BA me-at 20 ma-na\nURUDU al-qé 2 1/2 GÚ URUDU ma-sí-um\n1 ma-na 9 GIN KB KI Ili5-we-da-ku\n11 ma-na URUDU SIG5 KI\nu ma li ba-A sùr\n1 TOG bu-ra-am SIG5 DIRI u-lci-bi4-su\n1/3 ma-na 1/2 GIN KB is-tí\nNu-ur-ki-li,- The Old Assyrian Copper Trade in Anatolia.
"Dercksen, J. G. - The Old Assyrian Copper Trade in Anatolia. (OACTA) PIHANS 75, 1996.pdf",201,38740cb4-c898-1cca-ba54-39c02c691c17,0.6207932959621112,ÌR sa kà ri im\n1 me-at 50 ma-na URUDU ma-sí-um\nKI Nu-wa-nu-wa ù tap-pa-i-su\nme-eh-ra-sú,"(OACTA) PIHANS 75, 1996.pdf  203     196\nSELECTED TEXTS\n10 BIN 6, 76\ntranscripti..."
"Dercksen, J. G. - The Old Assyrian Copper Trade in Anatolia. (OACTA) PIHANS 75, 1996.pdf",208,777d7f34-8beb-4040-b86c-dd9bbea2214f,0.28213948380571935,SELECTED TEXTS\n201\n14 ATHE 32\nSee pp.151,"Dercksen, J."
"Dercksen, J. G. - The Old Assyrian Copper Trade in Anatolia. (OACTA) PIHANS 75, 1996.pdf",208,777d7f34-8beb-4040-b86c-dd9bbea2214f,0.28213948380571935,and 164.\nEdited in transcription and translation by B. Kienast in ATHE,"(OACTA) PIHANS 75, 1996.pdf  209     202\nSELECTED TEXTS\n15 Kt a/k 583/b.5-31(end)..."
"Dercksen, J. G. - The Old Assyrian Copper Trade in Anatolia. (OACTA) PIHANS 75, 1996.pdf",209,8dc94bd3-23ee-2e31-239e-4f61e51004c0,0.2138946738401274,a-ma-kam us-ba-ku\nLE ki-ma ha-ra-ni qur-ba-at-n[i]\n30 mì-ma KB ú K[Ù.G]I\nu-la us-té-bi4-lam\n(To Asânum from Uwr-sa-Assur:) '5 Within 10 days my caravan will leave. 6-1 1s As for the\nfact that they have been staying here for a long time,"(OACTA) PIHANS 75, 1996.pdf  210     SELECTED TEXTS\n203\n\nI did not dare to Operi..."
"Dercksen, J. G. - The Old Assyrian Copper Trade in Anatolia. (OACTA) PIHANS 75, 1996.pdf",210,f06b6aef-7cbb-4dd1-bd52-a326110825fd,0.46754808892222055,pp.22-25,- The Old Assyrian Copper Trade in Anatolia.
"Dercksen, J. G. - The Old Assyrian Copper Trade in Anatolia. (OACTA) PIHANS 75, 1996.pdf",210,f06b6aef-7cbb-4dd1-bd52-a326110825fd,0.46754808892222055,hand copy on\nplate 9. Cf. for 'Harana' Lewy 1956,"(OACTA) PIHANS 75, 1996.pdf  209     202\nSELECTED TEXTS\n15 Kt a/k 583/b.5-31(end)..."
"Dercksen, J. G. - The Old Assyrian Copper Trade in Anatolia. (OACTA) PIHANS 75, 1996.pdf",212,85a45589-23d0-3bfc-36b3-ebf6314792ed,0.3643954425901412,1\n5\n10\nE\nR\n15\n20\nSELECTED TEXTS\n205\n17 TC 3,"Dercksen, J."
"Dercksen, J. G. - The Old Assyrian Copper Trade in Anatolia. (OACTA) PIHANS 75, 1996.pdf",212,85a45589-23d0-3bfc-36b3-ebf6314792ed,0.3643954425901412,thus (says) Dan-Assur,"(OACTA) PIHANS 75, 1996.pdf  214     SELECTED TEXTS\n207\nE 1 GÚ' sa Ha-bu-ra-at\n1..."
"Dercksen, J. G. - The Old Assyrian Copper Trade in Anatolia. (OACTA) PIHANS 75, 1996.pdf",213,e0e69f66-478a-830e-337b-3d388e676140,0.336582513227074,3b-9a By means of the 1\ntalent 2 minas 39 shekels of tin which the palace bought - 343 minas of copper came out\nOut\none talent (of tin) -,- The Old Assyrian Copper Trade in Anatolia.
"Dercksen, J. G. - The Old Assyrian Copper Trade in Anatolia. (OACTA) PIHANS 75, 1996.pdf",213,e0e69f66-478a-830e-337b-3d388e676140,0.336582513227074,410 minas fell to our\nOurre. 9b-l\n9b-11a of t\nOfs,"(OACTA) PIHANS 75, 1996.pdf  214     SELECTED TEXTS\n207\nE 1 GÚ' sa Ha-bu-ra-at\n1..."
"Dercksen, J. G. - The Old Assyrian Copper Trade in Anatolia. (OACTA) PIHANS 75, 1996.pdf",214,fa229caf-1847-4792-c630-54a671d642f3,0.313683227492736,speak to P\ntOur-ili,- The Old Assyrian Copper Trade in Anatolia.
"Dercksen, J. G. - The Old Assyrian Copper Trade in Anatolia. (OACTA) PIHANS 75, 1996.pdf",214,fa229caf-1847-4792-c630-54a671d642f3,0.313683227492736,4-8 Zuzuwa brought (us)\n10 talents of c\nOfper,"(OACTA) PIHANS 75, 1996.pdf  215     l0\nE\nR\n15\n20\nLoE\n25 LE\n208\nSELECTED TE..."
"Dercksen, J. G. - The Old Assyrian Copper Trade in Anatolia. (OACTA) PIHANS 75, 1996.pdf",215,301a812d-3de7-4f69-81a6-e777ab73da93,0.2946246562134917,l0\nE\nR\n15\n20\nLoE\n25 LE\n208\nSELECTED TEXTS\nÉ ka-ri-im,"Dercksen, J."
"Dercksen, J. G. - The Old Assyrian Copper Trade in Anatolia. (OACTA) PIHANS 75, 1996.pdf",215,301a812d-3de7-4f69-81a6-e777ab73da93,0.2946246562134917,na-dd-ti\nis-tù ta-ta-al-ku\n1 TÚG.TA,- The Old Assyrian Copper Trade in Anatolia.
"Dercksen, J. G. - The Old Assyrian Copper Trade in Anatolia. (OACTA) PIHANS 75, 1996.pdf",215,301a812d-3de7-4f69-81a6-e777ab73da93,0.2946246562134917,qk-tkm i-di-ú-ma\nqk-at-ka,"(OACTA) PIHANS 75, 1996.pdf  216     CATALOGUE OF COPPER IN OLD ASSYRIAN TEXTS\nEvi..."
"Dercksen, J. G. - The Old Assyrian Copper Trade in Anatolia. (OACTA) PIHANS 75, 1996.pdf",215,301a812d-3de7-4f69-81a6-e777ab73da93,0.2946246562134917,a-di-ma 40 ma-na URUDU\nal-pu-ut-ka a-ha-ma\n1 ma-na.TA KB\nqk-tkm,216     CATALOGUE OF COPPER IN OLD ASSYRIAN TEXTS\nEvi...
"Dercksen, J. G. - The Old Assyrian Copper Trade in Anatolia. (OACTA) PIHANS 75, 1996.pdf",216,24beb353-6cb1-e690-4df1-fa3b7fa0850f,0.42177393293604337,"the prices in silver attested for it (sale,\npurchase",- The Old Assyrian Copper Trade in Anatolia.
"Dercksen, J. G. - The Old Assyrian Copper Trade in Anatolia. (OACTA) PIHANS 75, 1996.pdf",216,24beb353-6cb1-e690-4df1-fa3b7fa0850f,0.42177393293604337,and equivalent),"(OACTA) PIHANS 75, 1996.pdf  215     l0\nE\nR\n15\n20\nLoE\n25 LE\n208\nSELECTED TE..."
"Dercksen, J. G. - The Old Assyrian Copper Trade in Anatolia. (OACTA) PIHANS 75, 1996.pdf",217,24beb353-6cb1-e690-4df1-fa3b7fa0850f,0.48785160471339484,210\nCATALOGUE\n60,"Dercksen, J."
"Dercksen, J. G. - The Old Assyrian Copper Trade in Anatolia. (OACTA) PIHANS 75, 1996.pdf",217,24beb353-6cb1-e690-4df1-fa3b7fa0850f,0.48785160471339484,1 ma-na KB ù 1 GÚ URUDU,- The Old Assyrian Copper Trade in Anatolia.
"Dercksen, J. G. - The Old Assyrian Copper Trade in Anatolia. (OACTA) PIHANS 75, 1996.pdf",217,24beb353-6cb1-e690-4df1-fa3b7fa0850f,0.48785160471339484,kt n/k 534.10-11 (by courtesy of C. Günbatta)\n60,"(OACTA) PIHANS 75, 1996.pdf  216     CATALOGUE OF COPPER IN OLD ASSYRIAN TEXTS\nEvi..."
"Dercksen, J. G. - The Old Assyrian Copper Trade in Anatolia. (OACTA) PIHANS 75, 1996.pdf",217,24beb353-6cb1-e690-4df1-fa3b7fa0850f,0.48785160471339484,1 GÚ URUDU ù 1 ma-na [K]B,216     CATALOGUE OF COPPER IN OLD ASSYRIAN TEXTS\nEvi...
"Dercksen, J. G. - The Old Assyrian Copper Trade in Anatolia. (OACTA) PIHANS 75, 1996.pdf",218,9b809c4a-62fc-4ebd-81f4-2743fa37c3f8,0.4881354800866348,CATALOGUE\n211\n1 1/3 ma-na URUDU ma-sí-a-am,"Dercksen, J."
"Dercksen, J. G. - The Old Assyrian Copper Trade in Anatolia. (OACTA) PIHANS 75, 1996.pdf",218,9b809c4a-62fc-4ebd-81f4-2743fa37c3f8,0.4881354800866348,kt 91/k 156.1-2 (gift) (by courtesy of K.R. Veenhof)\n2 1/3 ma-na URUDU ma-as-am,- The Old Assyrian Copper Trade in Anatolia.
"Dercksen, J. G. - The Old Assyrian Copper Trade in Anatolia. (OACTA) PIHANS 75, 1996.pdf",219,9b809c4a-62fc-4ebd-81f4-2743fa37c3f8,0.5616257640154706,212\nCATALOGUE\nfrom Tismurna:\n5 1/2 ma-na URUDU SIG5 Tt-is-mu-ur-[na-i-am],"Dercksen, J."
"Dercksen, J. G. - The Old Assyrian Copper Trade in Anatolia. (OACTA) PIHANS 75, 1996.pdf",219,9b809c4a-62fc-4ebd-81f4-2743fa37c3f8,0.5616257640154706,45.1-2\n30 ma-na URUDU SIG5 Tí-is-mu-ur-na-i-a-am,"(OACTA) PIHANS 75, 1996.pdf  220     CATALOGUE\n213\n44 ma-na URUDU` da-mu-qkm, TC ..."
"Dercksen, J. G. - The Old Assyrian Copper Trade in Anatolia. (OACTA) PIHANS 75, 1996.pdf",220,7b515e90-092e-60a8-1c8c-fea051848a1c,0.5144080399446628,CATALOGUE\n213\n44 ma-na URUDU` da-mu-qkm,"Dercksen, J."
"Dercksen, J. G. - The Old Assyrian Copper Trade in Anatolia. (OACTA) PIHANS 75, 1996.pdf",220,7b515e90-092e-60a8-1c8c-fea051848a1c,0.5144080399446628,200.1-2\nURUDU 50 GÚ SIGs,- The Old Assyrian Copper Trade in Anatolia.
"Dercksen, J. G. - The Old Assyrian Copper Trade in Anatolia. (OACTA) PIHANS 75, 1996.pdf",221,7b515e90-092e-60a8-1c8c-fea051848a1c,0.48793900645597993,214\nCATALOGUE\n8 1/2 GO UR\n,"Dercksen, J."
"Dercksen, J. G. - The Old Assyrian Copper Trade in Anatolia. (OACTA) PIHANS 75, 1996.pdf",221,7b515e90-092e-60a8-1c8c-fea051848a1c,0.48793900645597993,kt a/k 976.5-6\n10 GÚ [x+] 30 ma-na URUDU ld-mu-nam,- The Old Assyrian Copper Trade in Anatolia.
"Dercksen, J. G. - The Old Assyrian Copper Trade in Anatolia. (OACTA) PIHANS 75, 1996.pdf",221,7b515e90-092e-60a8-1c8c-fea051848a1c,0.48793900645597993,kt a/k 1030.6-7\n13 GÚ 20 ma-na URUDU la-mu-nam,"(OACTA) PIHANS 75, 1996.pdf  222     CATALOGUE\n215\n`Small-Sized'\nkiirum - `lump'..."
"Dercksen, J. G. - The Old Assyrian Copper Trade in Anatolia. (OACTA) PIHANS 75, 1996.pdf",222,04dd324f-120e-44fd-9dbd-93a144906902,0.42579998357552923,kt 91/k 422.22-23 (by courtesy of K.R.\nOf\nenhof)\n$ahhirum - `small-sized'\n\nOccurrences:\n10 ma-na URUDU $a-hi-ru-um,- The Old Assyrian Copper Trade in Anatolia.
"Dercksen, J. G. - The Old Assyrian Copper Trade in Anatolia. (OACTA) PIHANS 75, 1996.pdf",222,04dd324f-120e-44fd-9dbd-93a144906902,0.42579998357552923,"178.8-9\n[x+] 20 ma-na URUDU a-hi-ra-am,\nip-su-/ur'-ma,\n(by courtesy of K. Hecker)\n40 ma-na URUDU ,sa-hi-ru-um","(OACTA) PIHANS 75, 1996.pdf  223     216\nCATALOGUE\nsikkum - `?' (§ 3.1.4.6)\nQual..."
"Dercksen, J. G. - The Old Assyrian Copper Trade in Anatolia. (OACTA) PIHANS 75, 1996.pdf",223,38740cb4-c898-1cca-ba54-39c02c691c17,0.4529627662803794,7b.6\nPrices:\npurchase\n140,"(OACTA) PIHANS 75, 1996.pdf  224     CATALOGUE\n217\n6 GÚ URUDU sí :kum, CCT 5, 28b..."
"Dercksen, J. G. - The Old Assyrian Copper Trade in Anatolia. (OACTA) PIHANS 75, 1996.pdf",224,50b08a1c-6cba-4fae-93bb-d9093c0a591f,0.39598006260971863,CATALOGUE\n217\n6 GÚ URUDU sí :kum,"Dercksen, J."
"Dercksen, J. G. - The Old Assyrian Copper Trade in Anatolia. (OACTA) PIHANS 75, 1996.pdf",224,50b08a1c-6cba-4fae-93bb-d9093c0a591f,0.39598006260971863,28b.8\n12 GÚ URUDU sí-kam SIL5,"(OACTA) PIHANS 75, 1996.pdf  223     216\nCATALOGUE\nsikkum - `?' (§ 3.1.4.6)\nQual..."
"Dercksen, J. G. - The Old Assyrian Copper Trade in Anatolia. (OACTA) PIHANS 75, 1996.pdf",225,151187b9-b2a2-49e1-b614-52710032e6f7,0.3808171587395831,218\nCATALOGUE\n[ ] GÚ r16' ma-na URUDU SIG5 Ha-bu-ra-ta-i-um sa-bu-ru-um,"Dercksen, J."
"Dercksen, J. G. - The Old Assyrian Copper Trade in Anatolia. (OACTA) PIHANS 75, 1996.pdf",225,151187b9-b2a2-49e1-b614-52710032e6f7,0.3808171587395831,Pa 36.1-3\n[2 GÚ 10 ma]-na URUDU [Ha-bu]-ra-ta-i-am,- The Old Assyrian Copper Trade in Anatolia.
"Dercksen, J. G. - The Old Assyrian Copper Trade in Anatolia. (OACTA) PIHANS 75, 1996.pdf",225,151187b9-b2a2-49e1-b614-52710032e6f7,0.3808171587395831,kt 75/k 89.1-2 (by courtesy of C.\nMichel)\n3 GÚ LA 7 ma-na URUDU Ha-bu-ra-ta-i-am,"(OACTA) PIHANS 75, 1996.pdf  224     CATALOGUE\n217\n6 GÚ URUDU sí :kum, CCT 5, 28b..."
"Dercksen, J. G. - The Old Assyrian Copper Trade in Anatolia. (OACTA) PIHANS 75, 1996.pdf",227,9b809c4a-62fc-4ebd-81f4-2743fa37c3f8,0.38881611848645886,220\nCATALOGUE\nTiimurnâyum,"Dercksen, J."
"Dercksen, J. G. - The Old Assyrian Copper Trade in Anatolia. (OACTA) PIHANS 75, 1996.pdf",227,9b809c4a-62fc-4ebd-81f4-2743fa37c3f8,0.38881611848645886,sa Tiimurna - 'from Tismurna' (§•3.1.5.9)\nQualities attested:\nURUDU SIG5,- The Old Assyrian Copper Trade in Anatolia.
"Dercksen, J. G. - The Old Assyrian Copper Trade in Anatolia. (OACTA) PIHANS 75, 1996.pdf",228,5aeba9c4-297f-bfbe-93f4-b8b591e24e0d,0.3772262148142433,"If they want tO pay\nyou either 30 or 20 minas of fine scrap,' I 611.6.-7 (by courtesy of K. Hecker)\nPrice:\nequivalent\n75",- The Old Assyrian Copper Trade in Anatolia.
"Dercksen, J. G. - The Old Assyrian Copper Trade in Anatolia. (OACTA) PIHANS 75, 1996.pdf",228,5aeba9c4-297f-bfbe-93f4-b8b591e24e0d,0.3772262148142433,5 ma-na hu-sa-e i-sa-am-sí tù-uy-u ta-al-qé KB-kp-su-nu 4 GÍN,"(OACTA) PIHANS 75, 1996.pdf  227     220\nCATALOGUE\nTiimurnâyum, sa Tiimurna - 'fr..."
"Dercksen, J. G. - The Old Assyrian Copper Trade in Anatolia. (OACTA) PIHANS 75, 1996.pdf",235,8d23b8b8-d35a-4001-82bb-3fa97107067c,0.40894407887167583,33.10 (given to commissioner)\n40 m. of copper,- The Old Assyrian Copper Trade in Anatolia.
"Dercksen, J. G. - The Old Assyrian Copper Trade in Anatolia. (OACTA) PIHANS 75, 1996.pdf",235,8d23b8b8-d35a-4001-82bb-3fa97107067c,0.40894407887167583,kt 91/k 490.20-21,"(OACTA) PIHANS 75, 1996.pdf  236     VALUE OF COMMODITIES EXPRESSED IN COPPER\n229\..."
"Dercksen, J. G. - The Old Assyrian Copper Trade in Anatolia. (OACTA) PIHANS 75, 1996.pdf",235,8d23b8b8-d35a-4001-82bb-3fa97107067c,0.40894407887167583,23 (by courtesy of K.R.\n= 12 m. of (sikkum) copper,236     VALUE OF COMMODITIES EXPRESSED IN COPPER\n229\...
"Dercksen, J. G. - The Old Assyrian Copper Trade in Anatolia. (OACTA) PIHANS 75, 1996.pdf",236,38740cb4-c898-1cca-ba54-39c02c691c17,0.3885145469585375,VALUE OF COMMODITIES EXPRESSED IN COPPER\n229\n77 sh.,"Dercksen, J."
"Dercksen, J. G. - The Old Assyrian Copper Trade in Anatolia. (OACTA) PIHANS 75, 1996.pdf",236,38740cb4-c898-1cca-ba54-39c02c691c17,0.3885145469585375,20 1/2 ma-ha 2 GIN URUDU a-na 16 is-ra-tim a-Tal-ha-cite as-qul,- The Old Assyrian Copper Trade in Anatolia.
"Dercksen, J. G. - The Old Assyrian Copper Trade in Anatolia. (OACTA) PIHANS 75, 1996.pdf",236,38740cb4-c898-1cca-ba54-39c02c691c17,0.3885145469585375,`I paid\n20 m. 32 sh. of copper tO the men from Talhad for 16 i.'s' BIN 4,"(OACTA) PIHANS 75, 1996.pdf  237     230\nAPPENDIX ONE\nsimply called $ubâtum, 'a t..."
"Dercksen, J. G. - The Old Assyrian Copper Trade in Anatolia. (OACTA) PIHANS 75, 1996.pdf",237,24beb353-6cb1-e690-4df1-fa3b7fa0850f,0.47652557595916417,230\nAPPENDIX ONE\nsimply called $ubâtum,"Dercksen, J."
"Dercksen, J. G. - The Old Assyrian Copper Trade in Anatolia. (OACTA) PIHANS 75, 1996.pdf",237,24beb353-6cb1-e690-4df1-fa3b7fa0850f,0.47652557595916417,'a textile'\n15 m.,- The Old Assyrian Copper Trade in Anatolia.
"Dercksen, J. G. - The Old Assyrian Copper Trade in Anatolia. (OACTA) PIHANS 75, 1996.pdf",237,24beb353-6cb1-e690-4df1-fa3b7fa0850f,0.47652557595916417,"1 TOG a-na É kà-ri-im a-na qc -tí-ka i-dí-ma 15 ma-na URUDU ú-,sa-he-er,\nkt a/k 303.9-11\n18 m.","(OACTA) PIHANS 75, 1996.pdf  238     VALUE OF COMMODITIES EXPRESSED IN COPPER\n231\..."
"Dercksen, J. G. - The Old Assyrian Copper Trade in Anatolia. (OACTA) PIHANS 75, 1996.pdf",237,24beb353-6cb1-e690-4df1-fa3b7fa0850f,0.47652557595916417,18 ma-na URUDU A. a-na B. i-da-an u B. TOG a-na A. i-dú-an,238     VALUE OF COMMODITIES EXPRESSED IN COPPER\n231\...
"Dercksen, J. G. - The Old Assyrian Copper Trade in Anatolia. (OACTA) PIHANS 75, 1996.pdf",238,24beb353-6cb1-e690-4df1-fa3b7fa0850f,0.3597624699823434,ANSE 7 ma-na ta-dí-in,- The Old Assyrian Copper Trade in Anatolia.
"Dercksen, J. G. - The Old Assyrian Copper Trade in Anatolia. (OACTA) PIHANS 75, 1996.pdf",239,38740cb4-c898-1cca-ba54-39c02c691c17,0.3478511333471643,"L 39 (by courtesy of C. Zaccagnini). One jar (karpatum,\nDUG) contained 30 sila Or litres",- The Old Assyrian Copper Trade in Anatolia.
"Dercksen, J. G. - The Old Assyrian Copper Trade in Anatolia. (OACTA) PIHANS 75, 1996.pdf",239,38740cb4-c898-1cca-ba54-39c02c691c17,0.3478511333471643,p.193 note 4.\nkiranum - 'wine'\n1 kukkubum-jar with wine = 3 1/2 m. (of cOpper),238     VALUE OF COMMODITIES EXPRESSED IN COPPER\n231\...
"Dercksen, J. G. - The Old Assyrian Copper Trade in Anatolia. (OACTA) PIHANS 75, 1996.pdf",244,67258a77-1e59-455f-bec3-3909a8d21866,0.20948234179075034,COPPER AND BRONZE OBJECTS,"Dercksen, J."
"Dercksen, J. G. - The Old Assyrian Copper Trade in Anatolia. (OACTA) PIHANS 75, 1996.pdf",244,67258a77-1e59-455f-bec3-3909a8d21866,0.20948234179075034,TEXTUAL EVIDENCE\n237\nistittum - 'nails?',- The Old Assyrian Copper Trade in Anatolia.
"Dercksen, J. G. - The Old Assyrian Copper Trade in Anatolia. (OACTA) PIHANS 75, 1996.pdf",244,67258a77-1e59-455f-bec3-3909a8d21866,0.20948234179075034,bronze\nkt a/k 527.10-14:... 5 ma-na URUDU SIG5 ù 77 is-tí-na-tim sa Wa as ha ni a\na-na E. DUMU A. a-na sí-a-ma-tim a-dí-in,"(OACTA) PIHANS 75, 1996.pdf  246     COPPER AND BRONZE OBJECTS:"
"Dercksen, J. G. - The Old Assyrian Copper Trade in Anatolia. (OACTA) PIHANS 75, 1996.pdf",244,67258a77-1e59-455f-bec3-3909a8d21866,0.20948234179075034,'I gave 5 mins of fine copper and 77\nnails of Washania to E. son of A. to make purchases with'\nkt n/k 36.13-17,TEXTUAL EVIDENCE\n2...
"Dercksen, J. G. - When We Met in Hattuš. FS Veenhof 2001.pdf",15,3366f31b-45aa-41e6-9794-8331b790fb21,0.25712088970162345,Abum-kirna-ilimma is bringing you under my sealings\nbefore harvest time one saqqu-garment,- When We Met in Hattuš.
"Dercksen, J. G. - When We Met in Hattuš. FS Veenhof 2001.pdf",15,3366f31b-45aa-41e6-9794-8331b790fb21,0.25712088970162345,one nablaptu-garment,FS Veenhof 2001.pdf  17      54\nlO.
"Dercksen, J. G. - When We Met in Hattuš. FS Veenhof 2001.pdf",15,3366f31b-45aa-41e6-9794-8331b790fb21,0.25712088970162345,a pair of shoes made in Asal68,DERCKSEN\nThose related to Daya were d...
"Dercksen, J. G. - When We Met in Hattuš. FS Veenhof 2001.pdf",15,3366f31b-45aa-41e6-9794-8331b790fb21,0.25712088970162345,"ten\njars of '"" ...",17      54\nlO.
"Dercksen, J. G. - When We Met in Hattuš. FS Veenhof 2001.pdf",15,3366f31b-45aa-41e6-9794-8331b790fb21,0.25712088970162345,two minas of mulubu,DERCKSEN\nThose related to Daya were d...
"Dercksen, J. G. ed. - Assyria and Beyond, Studies Presented to Mogens Trolle Larsen, FS Larsen. PIHANS 100, 2004 (2).pdf",14,6d8299bb-48bf-4b2b-bfcc-5e7bfa26ed5f,0.22335204658996874,12\n1. ALBAYRAK\n`SHE WILL LIVE ...'\n13\nThe names Hamala,"Dercksen, J."
"Dercksen, J. G. ed. - Assyria and Beyond, Studies Presented to Mogens Trolle Larsen, FS Larsen. PIHANS 100, 2004 (2).pdf",14,6d8299bb-48bf-4b2b-bfcc-5e7bfa26ed5f,0.22335204658996874,Sulmu-sa-Assur,"PIHANS 100, 2004 (2).pdf  15      14\nI."
"Dercksen, J. G. ed. - Assyria and Beyond, Studies Presented to Mogens Trolle Larsen, FS Larsen. PIHANS 100, 2004 (2).pdf",15,e4563dc9-17ca-4db1-876a-15a6bfaf7e5f,0.2542827604829142,14\nI. ALBAYRAK\n`SHE WILL LIVE .. .'\n15\nis-bu-tù-ni-a-tf-ma a-na\nÉ,"Dercksen, J."
"Dercksen, J. G. ed. - Assyria and Beyond, Studies Presented to Mogens Trolle Larsen, FS Larsen. PIHANS 100, 2004 (2).pdf",15,e4563dc9-17ca-4db1-876a-15a6bfaf7e5f,0.2542827604829142,Skl lim A sùr n[é]-ru-ub-ma\nÉbe-tdm GAL,"- Assyria and Beyond, Studies Presented to Mogens Trolle Larsen, FS Larsen."
"Dercksen, J. G. ed. - Assyria and Beyond, Studies Presented to Mogens Trolle Larsen, FS Larsen. PIHANS 100, 2004 (2).pdf",15,e4563dc9-17ca-4db1-876a-15a6bfaf7e5f,0.2542827604829142,<k> Sâl lim A sù[r]\n10\nsa ru-ba-um Kà ni si i um\nqd-dum du-um-qi-su a-na\nHa ma lâ Ma-da-i-um i-di-nu\na-na Ha-ma-la-ma i-za-az\nHa-ar-su-me-el-kà DU[MU.M]I,"PIHANS 100, 2004 (2).pdf  14      12\n1."
"Dercksen, J. G. ed. - Assyria and Beyond, Studies Presented to Mogens Trolle Larsen, FS Larsen. PIHANS 100, 2004 (2).pdf",86,ab729307-b2e3-47a9-cc6c-5026a0a21155,0.2325332831044331,156\nJ. G. DERCKSEN\nOLD ANATOLIAN SOCIETY\n157\nAppendix,"Dercksen, J."
"Dercksen, J. G. ed. - Assyria and Beyond, Studies Presented to Mogens Trolle Larsen, FS Larsen. PIHANS 100, 2004 (2).pdf",86,ab729307-b2e3-47a9-cc6c-5026a0a21155,0.2325332831044331,the evidence\nThe evidence for arhâlum and unussum as well as a selection of the evidence for the\nterms tuzinnum and ubadinnum can be found in transliteration and translation below. The\ntexts have,"- Assyria and Beyond, Studies Presented to Mogens Trolle Larsen, FS Larsen."
"Dercksen, J. G. ed. - Assyria and Beyond, Studies Presented to Mogens Trolle Larsen, FS Larsen. PIHANS 100, 2004 (2).pdf",86,ab729307-b2e3-47a9-cc6c-5026a0a21155,0.2325332831044331,where possible,"PIHANS 100, 2004 (2).pdf  87      158\nJ."
"Dercksen, J. G. ed. - Assyria and Beyond, Studies Presented to Mogens Trolle Larsen, FS Larsen. PIHANS 100, 2004 (2).pdf",86,ab729307-b2e3-47a9-cc6c-5026a0a21155,0.2325332831044331,been grouped chronologically as those from Level II and\nthose from the subsequent Level Ib. The so-called notarization clause,DERCKSEN\nOLD ANATOLIAN SOCIETY\n15...
"Dercksen, J. G. ed. - Assyria and Beyond, Studies Presented to Mogens Trolle Larsen, FS Larsen. PIHANS 100, 2004 (2).pdf",87,d7916a9d-ff0d-4d9c-82d7-a9edfac5d396,0.23796420039243021,158\nJ. G. DERCKSEN\nOLD ANATOLIAN SOCIETY\n159\nnext to the house of Pûsu-kén,"Dercksen, J."
"Dercksen, J. G. ed. - Assyria and Beyond, Studies Presented to Mogens Trolle Larsen, FS Larsen. PIHANS 100, 2004 (2).pdf",87,d7916a9d-ff0d-4d9c-82d7-a9edfac5d396,0.23796420039243021,to Buzazu son of Pùsu-kén. They have been satisfied with\nthe sale price of the house.\n17'-25' They will not raise a claim against Buzazu for the house. If anybody raises a claim\nagainst Buzazu for the house Asi'et the alabbinnum of Tatais (and) Histahsu his rabi\nsâbim,"- Assyria and Beyond, Studies Presented to Mogens Trolle Larsen, FS Larsen."
"Dercksen, J. G. ed. - Assyria and Beyond, Studies Presented to Mogens Trolle Larsen, FS Larsen. PIHANS 100, 2004 (2).pdf",87,d7916a9d-ff0d-4d9c-82d7-a9edfac5d396,0.23796420039243021,Kulakula,DERCKSEN\nOLD ANATOLIAN SOCIETY\n16...
"Dercksen, J. G. ed. - Assyria and Beyond, Studies Presented to Mogens Trolle Larsen, FS Larsen. PIHANS 100, 2004 (2).pdf",88,872e4612-9ddb-4fb9-9fcb-b96db0d62b97,0.2841509289146912,fu-ma be-lu 13 tù zi ni im û-lci-ma 14 ma-ma-an,DERCKSEN\nOLD ANATOLIAN SOCIETY\n15...
"Dercksen, J. G. ed. - Assyria and Beyond, Studies Presented to Mogens Trolle Larsen, FS Larsen. PIHANS 100, 2004 (2).pdf",90,8f67033f-cacb-9a5b-9a25-2de54cabe37e,0.18951454958807193,121 no. 12. Translated in Hecker 2004,"PIHANS 100, 2004 (2).pdf  91      166\nJ."
"Dercksen, J. G. ed. - Assyria and Beyond, Studies Presented to Mogens Trolle Larsen, FS Larsen. PIHANS 100, 2004 (2).pdf",90,8f67033f-cacb-9a5b-9a25-2de54cabe37e,0.18951454958807193,53. = `Kay. 6'\nin Bilgiç 1954,DERCKSEN\nOLD ANATOLIAN SOCIETY\n16...
"Dercksen, J. G. ed. - Assyria and Beyond, Studies Presented to Mogens Trolle Larsen, FS Larsen. PIHANS 100, 2004 (2).pdf",91,d0be9df6-382b-4f6e-bad1-e8bf3efcbaf1,0.3701280092867981,copy on 91-92. Photo of obverse,"PIHANS 100, 2004 (2).pdf  92      168\nJ."
"Dercksen, J. G. ed. - Assyria and Beyond, Studies Presented to Mogens Trolle Larsen, FS Larsen. PIHANS 100, 2004 (2).pdf",91,d0be9df6-382b-4f6e-bad1-e8bf3efcbaf1,0.3701280092867981,T.\nÖzgüç,DERCKSEN\nOLD ANATOLIAN SOCIETY\n16...
"Dercksen, J. G. ed. - Assyria and Beyond, Studies Presented to Mogens Trolle Larsen, FS Larsen. PIHANS 100, 2004 (2).pdf",92,5f99f184-aacc-47db-9e4f-3d05e8ae1c7a,0.2137957871080588,Aduman and Hani will both perform the arhâlum (and)\nunussum of Dusara,"- Assyria and Beyond, Studies Presented to Mogens Trolle Larsen, FS Larsen."
"Dercksen, J. G. ed. - Assyria and Beyond, Studies Presented to Mogens Trolle Larsen, FS Larsen. PIHANS 100, 2004 (2).pdf",92,5f99f184-aacc-47db-9e4f-3d05e8ae1c7a,0.2137957871080588,the market supervisor.\n18-22 Neither will raise a claim against the other. He who raises a claim will give 5 minas\nof tirum silver and they will put him to death. 23-26 If one of the brothers dies,"PIHANS 100, 2004 (2).pdf  93      170\nJ."
"Dercksen, J. G. ed. - Assyria and Beyond, Studies Presented to Mogens Trolle Larsen, FS Larsen. PIHANS 100, 2004 (2).pdf",92,5f99f184-aacc-47db-9e4f-3d05e8ae1c7a,0.2137957871080588,then his\nwife will surely take over the arhâlum of Dusasa,DERCKSEN\nOLD ANATOLIAN SOCIETY\n17...
"Dercksen, J. G. ed. - Assyria and Beyond, Studies Presented to Mogens Trolle Larsen, FS Larsen. PIHANS 100, 2004 (2).pdf",93,cb2f7895-2dea-49b2-b6f7-eeec647a6e3c,0.2510504007768073,170\nJ. G. DERCKSEN\nOLD ANATOLIAN SOCIETY\n171\nKt 89/k 370,"Dercksen, J."
"Dercksen, J. G. ed. - Assyria and Beyond, Studies Presented to Mogens Trolle Larsen, FS Larsen. PIHANS 100, 2004 (2).pdf",93,cb2f7895-2dea-49b2-b6f7-eeec647a6e3c,0.2510504007768073,collated by K.R. Veenhof\nTablet. Edition,"- Assyria and Beyond, Studies Presented to Mogens Trolle Larsen, FS Larsen."
"Dercksen, J. G. ed. - Assyria and Beyond, Studies Presented to Mogens Trolle Larsen, FS Larsen. PIHANS 100, 2004 (2).pdf",93,cb2f7895-2dea-49b2-b6f7-eeec647a6e3c,0.2510504007768073,Donbaz 1993,"PIHANS 100, 2004 (2).pdf  94      172\nJ."
"Dercksen, J. G. ed. - Assyria and Beyond, Studies Presented to Mogens Trolle Larsen, FS Larsen. PIHANS 100, 2004 (2).pdf",93,cb2f7895-2dea-49b2-b6f7-eeec647a6e3c,0.2510504007768073,140-141. Photo,DERCKSEN\nOLD ANATOLIAN SOCIETY\n17...
"Dercksen, J. G. ed. - Assyria and Beyond, Studies Presented to Mogens Trolle Larsen, FS Larsen. PIHANS 100, 2004 (2).pdf",94,63c6e7fd-64a3-c9e6-3668-87057d28aaae,0.197487302267099,172\nJ. G. DERCKSEN\nOLD ANATOLIAN SOCIETY\n173\n1-7 Seal of Inar,"Dercksen, J."
"Dercksen, J. G. ed. - Assyria and Beyond, Studies Presented to Mogens Trolle Larsen, FS Larsen. PIHANS 100, 2004 (2).pdf",94,63c6e7fd-64a3-c9e6-3668-87057d28aaae,0.197487302267099,chief of the si'us. Seal of Peruwa,"- Assyria and Beyond, Studies Presented to Mogens Trolle Larsen, FS Larsen."
"Dercksen, J. G. ed. - Assyria and Beyond, Studies Presented to Mogens Trolle Larsen, FS Larsen. PIHANS 100, 2004 (2).pdf",94,63c6e7fd-64a3-c9e6-3668-87057d28aaae,0.197487302267099,the chief of the herolds. Seal of\nDubawatar. Seal of Kammalia,"PIHANS 100, 2004 (2).pdf  93      170\nJ."
"Dercksen, J. G. ed. - Assyria and Beyond, Studies Presented to Mogens Trolle Larsen, FS Larsen. PIHANS 100, 2004 (2).pdf",94,63c6e7fd-64a3-c9e6-3668-87057d28aaae,0.197487302267099,the chief ...,DERCKSEN\nOLD ANATOLIAN SOCIETY\n17...
"Dercksen, J. G. ed. - Assyria and Beyond, Studies Presented to Mogens Trolle Larsen, FS Larsen. PIHANS 100, 2004 (2).pdf",133,8f17c768-0e7b-4c61-8d5c-37f275f785ed,0.23388211812418996,The Treaty with Kanis\nKt. 00/k 6\n(Light brown,"Dercksen, J."
"Dercksen, J. G. ed. - Assyria and Beyond, Studies Presented to Mogens Trolle Larsen, FS Larsen. PIHANS 100, 2004 (2).pdf",133,8f17c768-0e7b-4c61-8d5c-37f275f785ed,0.23388211812418996,15.3 x 7.1 x 3 cm.)\nObv.\n1\n[x x x (x)]-mi,"- Assyria and Beyond, Studies Presented to Mogens Trolle Larsen, FS Larsen."
"Dercksen, J. G. ed. - Assyria and Beyond, Studies Presented to Mogens Trolle Larsen, FS Larsen. PIHANS 100, 2004 (2).pdf",133,8f17c768-0e7b-4c61-8d5c-37f275f785ed,0.23388211812418996,si-im\n2 [DINGIR.ME] rKUR' Kà-ni-is KUR A-c. -kà-rsI1 pâ\n3\n[x x x] AB kam !,"PIHANS 100, 2004 (2).pdf  134     252\nC."
"Dercksen, J. G. ed. - Assyria and Beyond, Studies Presented to Mogens Trolle Larsen, FS Larsen. PIHANS 100, 2004 (2).pdf",133,8f17c768-0e7b-4c61-8d5c-37f275f785ed,0.23388211812418996,`d'Sû in,GÜNBATTI\nTWO TREATY TEXTS FOUND AT KÜ...
"Dercksen, J. G. ed. - Assyria and Beyond, Studies Presented to Mogens Trolle Larsen, FS Larsen. PIHANS 100, 2004 (2).pdf",134,c15b7aef-a9c1-4eb0-9816-655e7289efcf,0.2859112441641239,252\nC. GÜNBATTI\nTWO TREATY TEXTS FOUND AT KÜLTEPE\n253\n39 [x-x]-û-ni,"Dercksen, J."
"Dercksen, J. G. ed. - Assyria and Beyond, Studies Presented to Mogens Trolle Larsen, FS Larsen. PIHANS 100, 2004 (2).pdf",134,c15b7aef-a9c1-4eb0-9816-655e7289efcf,0.2859112441641239,da-mu-u[m]\n40 [sa DUMU] A-sùr,"PIHANS 100, 2004 (2).pdf  133     The Treaty with Kanis\nKt."
"Dercksen, J. G. ed. - Assyria and Beyond, Studies Presented to Mogens Trolle Larsen, FS Larsen. PIHANS 100, 2004 (2).pdf",134,c15b7aef-a9c1-4eb0-9816-655e7289efcf,0.2859112441641239,i-na a-li-kà\n41 [i ma-t]i-kà,00/k 6\n(Light brow...
"Dercksen, J. G. ed. - Assyria and Beyond, Studies Presented to Mogens Trolle Larsen, FS Larsen. PIHANS 100, 2004 (2).pdf",134,c15b7aef-a9c1-4eb0-9816-655e7289efcf,0.2859112441641239,i né pu su ni\n42 [hu-lu]-qd-um,133     The Treaty with Kanis\nKt.
"Dercksen, J. G. ed. - Assyria and Beyond, Studies Presented to Mogens Trolle Larsen, FS Larsen. PIHANS 100, 2004 (2).pdf",134,c15b7aef-a9c1-4eb0-9816-655e7289efcf,0.2859112441641239,i ba si tic ni\nRev.\n43 [a-n]a da-me-e,00/k 6\n(Light brow...
"Dercksen, J. G. ed. - Assyria and Beyond, Studies Presented to Mogens Trolle Larsen, FS Larsen. PIHANS 100, 2004 (2).pdf",136,20bd0204-6ce5-4cf8-ba41-e63581a68d1e,0.3331049597191243,14.3 x 15 x 4.7 cm.)\n6\n7\n8\n9\n10\nObverse\n11\nCol. I\n1\n[\n12\n2\n[\n13\n3\n[\n-a]m'\n14\n4\n[\n]-su\n15\n5\n[\n] lét tù-ta-ma-'x'-ni\n16\n6\n[\n] rx'-ra-tim\n17\n7\n[\n] 1x'-at tù-0- 1um'\n18\n8\n[ x x x x],"- Assyria and Beyond, Studies Presented to Mogens Trolle Larsen, FS Larsen."
"Dercksen, J. G. ed. - Assyria and Beyond, Studies Presented to Mogens Trolle Larsen, FS Larsen. PIHANS 100, 2004 (2).pdf",136,20bd0204-6ce5-4cf8-ba41-e63581a68d1e,0.3331049597191243,a DUMU kà-ri-i[m]\n19\n9\n[Ha -hi -im] tit sé ru bu ni\n20\n10\n[x x ]- 1kà'-ni,"PIHANS 100, 2004 (2).pdf  137     17'\n[\n]-tam :"
"Dercksen, J. G. ed. - Assyria and Beyond, Studies Presented to Mogens Trolle Larsen, FS Larsen. PIHANS 100, 2004 (2).pdf",137,20bd0204-6ce5-4cf8-ba41-e63581a68d1e,0.1989604120509707,17'\n[\n]-tam,"Dercksen, J."
"Dercksen, J. G. ed. - Assyria and Beyond, Studies Presented to Mogens Trolle Larsen, FS Larsen. PIHANS 100, 2004 (2).pdf",137,20bd0204-6ce5-4cf8-ba41-e63581a68d1e,0.1989604120509707,"a-na rni'-[is]-ha-ti-ku-nu\n18' [\nm]a ILLAT""""""\n19' [\n] e\n[x]\n20'\n[\nmu-4f-û-um\n21'\n[i-la-qé-ma","- Assyria and Beyond, Studies Presented to Mogens Trolle Larsen, FS Larsen."
"Dercksen, J. G. ed. - Assyria and Beyond, Studies Presented to Mogens Trolle Larsen, FS Larsen. PIHANS 100, 2004 (2).pdf",137,20bd0204-6ce5-4cf8-ba41-e63581a68d1e,0.1989604120509707,x GIN.TA KÙÙ.BABBAR i sa qal\n22' [\n] ka AN.NA\n23'\n[\n] x,"PIHANS 100, 2004 (2).pdf  136     TWO TREATY TEXTS FOUND AT KÜLTEPE\n257\n256\nC..."
"Dercksen, J. G. ed. - Assyria and Beyond, Studies Presented to Mogens Trolle Larsen, FS Larsen. PIHANS 100, 2004 (2).pdf",151,2678d89d-992a-4e39-8f5c-ee4a31d5cdf2,0.5829748349125055,",,... wir wollen ... in die Stadt bringen""","PIHANS 100, 2004 (2).pdf  153     290\nK."
"Dercksen, J. G. ed. - Assyria and Beyond, Studies Presented to Mogens Trolle Larsen, FS Larsen. PIHANS 100, 2004 (2).pdf",151,2678d89d-992a-4e39-8f5c-ee4a31d5cdf2,0.5829748349125055,A. nicht ganz so direkt ebd. 75,HECKER\nBEIM TODE UNSERES VATERS ...\n...
"Dercksen, J. G. ed. - Assyria and Beyond, Studies Presented to Mogens Trolle Larsen, FS Larsen. PIHANS 100, 2004 (2).pdf",272,9d0b32df-a093-468f-9f1d-0e75fbe76940,0.24250429883833682,528\nM. W. STOLPER\nTHE KASR TEXTS,"Dercksen, J."
"Dercksen, J. G. ed. - Assyria and Beyond, Studies Presented to Mogens Trolle Larsen, FS Larsen. PIHANS 100, 2004 (2).pdf",272,9d0b32df-a093-468f-9f1d-0e75fbe76940,0.24250429883833682,4 cubits,"PIHANS 100, 2004 (2).pdf  271     526\nM."
"Dercksen, J. G. ed. - Assyria and Beyond, Studies Presented to Mogens Trolle Larsen, FS Larsen. PIHANS 100, 2004 (2).pdf",272,9d0b32df-a093-468f-9f1d-0e75fbe76940,0.24250429883833682,16 fingers [(the area of) a house plot ... in the dis trict] l'E.E in\n[Babylon].\n3-' The upper long side,"STOLPER\nTHE KASR TEXTS, RICH, BELL..."
"Dercksen, J. G. ed. - Assyria and Beyond, Studies Presented to Mogens Trolle Larsen, FS Larsen. PIHANS 100, 2004.pdf",28,6d8299bb-48bf-4b2b-bfcc-5e7bfa26ed5f,0.2613299766931997,Amur-Istar,"PIHANS 100, 2004.pdf  29      14\nI."
"Dercksen, J. G. ed. - Assyria and Beyond, Studies Presented to Mogens Trolle Larsen, FS Larsen. PIHANS 100, 2004.pdf",28,6d8299bb-48bf-4b2b-bfcc-5e7bfa26ed5f,0.2613299766931997,Sumi-Assur and Assur-samsi,ALBAYRAK\nis-bu-tù-ni-a-tf-ma a-na\nÉ :...
"Dercksen, J. G. ed. - Assyria and Beyond, Studies Presented to Mogens Trolle Larsen, FS Larsen. PIHANS 100, 2004.pdf",29,e4563dc9-17ca-4db1-876a-15a6bfaf7e5f,0.344136612093314,14\nI. ALBAYRAK\nis-bu-tù-ni-a-tf-ma a-na\nÉ,"Dercksen, J."
"Dercksen, J. G. ed. - Assyria and Beyond, Studies Presented to Mogens Trolle Larsen, FS Larsen. PIHANS 100, 2004.pdf",29,e4563dc9-17ca-4db1-876a-15a6bfaf7e5f,0.344136612093314,Skl lim A sùr n[é]-ru-ub-ma\nÉbe-tdm GAL,"- Assyria and Beyond, Studies Presented to Mogens Trolle Larsen, FS Larsen."
"Dercksen, J. G. ed. - Assyria and Beyond, Studies Presented to Mogens Trolle Larsen, FS Larsen. PIHANS 100, 2004.pdf",29,e4563dc9-17ca-4db1-876a-15a6bfaf7e5f,0.344136612093314,<k> Sâl lim A sù[r]\n10\nsa ru-ba-um Kà ni si i um\nqd-dum du-um-qi-su a-na\nHa ma lâ Ma-da-i-um i-di-nu\na-na Ha-ma-la-ma i-za-az\nHa-ar-su-me-el-kà DU[MU.M]I,"PIHANS 100, 2004.pdf  28      `SHE WILL LIVE ...'\n13\n(Cylinder seal impres..."
"Dercksen, J. G. ed. - Assyria and Beyond, Studies Presented to Mogens Trolle Larsen, FS Larsen. PIHANS 100, 2004.pdf",171,ab729307-b2e3-47a9-cc6c-5026a0a21155,0.24065367188126952,156\nJ. G. DERCKSEN\nAppendix,"Dercksen, J."
"Dercksen, J. G. ed. - Assyria and Beyond, Studies Presented to Mogens Trolle Larsen, FS Larsen. PIHANS 100, 2004.pdf",171,ab729307-b2e3-47a9-cc6c-5026a0a21155,0.24065367188126952,the evidence\nThe evidence for arhâlum and unussum as well as a selection of the evidence for the\nterms tuzinnum and ubadinnum can be found in transliteration and translation below. The\ntexts have,"- Assyria and Beyond, Studies Presented to Mogens Trolle Larsen, FS Larsen."
"Dercksen, J. G. ed. - Assyria and Beyond, Studies Presented to Mogens Trolle Larsen, FS Larsen. PIHANS 100, 2004.pdf",171,ab729307-b2e3-47a9-cc6c-5026a0a21155,0.24065367188126952,where possible,"PIHANS 100, 2004.pdf  172     OLD ANATOLIAN SOCIETY\n157\n1-4 Seal of Ennum-..."
"Dercksen, J. G. ed. - Assyria and Beyond, Studies Presented to Mogens Trolle Larsen, FS Larsen. PIHANS 100, 2004.pdf",172,ff9241f3-d06c-4a0f-8fbb-58a28f1fa945,0.24854434338527745,be it the\ntuzinnum or a creditor,"- Assyria and Beyond, Studies Presented to Mogens Trolle Larsen, FS Larsen."
"Dercksen, J. G. ed. - Assyria and Beyond, Studies Presented to Mogens Trolle Larsen, FS Larsen. PIHANS 100, 2004.pdf",172,ff9241f3-d06c-4a0f-8fbb-58a28f1fa945,0.24854434338527745,Siwasmei and Kukran will pay half a mina of silver.\nTablet\nam-tam Pa-al-hu-si-/a 2 is-ti Si wa ks me i 3 ù Ku-uk-ra-an 4 a-na 6 GIN KÙ.\nBABBAR 5 A-na-as,"PIHANS 100, 2004.pdf  173     158\nJ."
"Dercksen, J. G. ed. - Assyria and Beyond, Studies Presented to Mogens Trolle Larsen, FS Larsen. PIHANS 100, 2004.pdf",172,ff9241f3-d06c-4a0f-8fbb-58a28f1fa945,0.24854434338527745,tic Sa-li-a-t[a] 6 is-tic-mu-si 7 su-ma ma-ma-an\n8 a-su-mi,DERCKSEN\nnext to the house of Pûsu...
"Dercksen, J. G. ed. - Assyria and Beyond, Studies Presented to Mogens Trolle Larsen, FS Larsen. PIHANS 100, 2004.pdf",172,ff9241f3-d06c-4a0f-8fbb-58a28f1fa945,0.24854434338527745,"be it the tuzinnum,\nor a creditor",DERCKSEN\nnext to the house of Pûsu...
"Dercksen, J. G. ed. - Assyria and Beyond, Studies Presented to Mogens Trolle Larsen, FS Larsen. PIHANS 100, 2004.pdf",173,d7916a9d-ff0d-4d9c-82d7-a9edfac5d396,0.2763923229342919,158\nJ. G. DERCKSEN\nnext to the house of Pûsu-kén,"Dercksen, J."
"Dercksen, J. G. ed. - Assyria and Beyond, Studies Presented to Mogens Trolle Larsen, FS Larsen. PIHANS 100, 2004.pdf",173,d7916a9d-ff0d-4d9c-82d7-a9edfac5d396,0.2763923229342919,to Buzazu son of Pùsu-kén. They have been satisfied with\nthe sale price of the house.\n17'-25' They will not raise a claim against Buzazu for the house. If anybody raises a claim\nagainst Buzazu for the house Asi'et the alabbinnum of Tatais (and) Histahsu his rabi\nsâbim,"- Assyria and Beyond, Studies Presented to Mogens Trolle Larsen, FS Larsen."
"Dercksen, J. G. ed. - Assyria and Beyond, Studies Presented to Mogens Trolle Larsen, FS Larsen. PIHANS 100, 2004.pdf",174,18d2ecd6-f335-4efe-a2b1-2d49c7792514,0.2446850099960433,OLD ANATOLIAN SOCIETY\n159\nKt a/k 1263/b\nEdition,"Dercksen, J."
"Dercksen, J. G. ed. - Assyria and Beyond, Studies Presented to Mogens Trolle Larsen, FS Larsen. PIHANS 100, 2004.pdf",174,18d2ecd6-f335-4efe-a2b1-2d49c7792514,0.2446850099960433,Günbatti 1989,"- Assyria and Beyond, Studies Presented to Mogens Trolle Larsen, FS Larsen."
"Dercksen, J. G. ed. - Assyria and Beyond, Studies Presented to Mogens Trolle Larsen, FS Larsen. PIHANS 100, 2004.pdf",174,18d2ecd6-f335-4efe-a2b1-2d49c7792514,0.2446850099960433,52.\n' É bé-tl Sa-lci 2 DUMU Zu-à-zu 3 Ti-ik-s'a-ar 4 is-a-am,"PIHANS 100, 2004.pdf  175     160\nJ."
"Dercksen, J. G. ed. - Assyria and Beyond, Studies Presented to Mogens Trolle Larsen, FS Larsen. PIHANS 100, 2004.pdf",174,18d2ecd6-f335-4efe-a2b1-2d49c7792514,0.2446850099960433,tù zi n[u um] 5 sa GAL,DERCKSEN\nKt n/k 74\nUnopened envel...
"Dercksen, J. G. ed. - Assyria and Beyond, Studies Presented to Mogens Trolle Larsen, FS Larsen. PIHANS 100, 2004.pdf",175,336b8ae9-4b23-4616-ae24-b7f42753eb2d,0.3507974831853131,160\nJ. G. DERCKSEN\nKt n/k 74\nUnopened envelope. Edition,"Dercksen, J."
"Dercksen, J. G. ed. - Assyria and Beyond, Studies Presented to Mogens Trolle Larsen, FS Larsen. PIHANS 100, 2004.pdf",175,336b8ae9-4b23-4616-ae24-b7f42753eb2d,0.3507974831853131,50 (copy).\n(seal impression)\n1 KISIB Na-ki-û-ma-an DUMU Si-pi-ma\n2 KISIB Ta-ri-ku-da\nDUMU Su-mi-a-wa-a 3 KISIB A-lu-lu-û DUMU Wa al ha ks /n[a] 4 KISIB Hi-is-ta-\n<ah>-su-sar um-mi-fu / (seal impression) 5 KISIB A-ra-wa-ar-ba-[me-na] 6 a-hi-su (seal\nimpression) 2/3 ma-na 5 GiN KÙ.[BABBAR]\nRev. 8 fI-im Ta-li-a / (seal impression)\n9 a-na Hi-is-ta-ah-su-far 10 tic A-ra-wa-ah-ha-me-lna' 11 A-fI-et if-qû-ul-ma 12 if-a-am-\nsu,"PIHANS 100, 2004.pdf  176     OLD ANATOLIAN SOCIETY\n161\nNote:\nThe form ra..."
"Dercksen, J. G. ed. - Assyria and Beyond, Studies Presented to Mogens Trolle Larsen, FS Larsen. PIHANS 100, 2004.pdf",176,872e4612-9ddb-4fb9-9fcb-b96db0d62b97,0.36144532608943886,146-147 (transliteration). The envelope to this tablet is the un-\npublished case fragment kt 86/k 204 (by courtesy of K.R. Veenhof).\nKi-kà-ar-fa-an u4-ma-am 2 a-nàm,"PIHANS 100, 2004.pdf  177     162\nJ."
"Dercksen, J. G. ed. - Assyria and Beyond, Studies Presented to Mogens Trolle Larsen, FS Larsen. PIHANS 100, 2004.pdf",176,872e4612-9ddb-4fb9-9fcb-b96db0d62b97,0.36144532608943886,ni-if-am-fu 3 É bé-<et>-ni ni-di-fu 4 sa ru-ba-im\nar-ha-la-am 5 il5-qé É bé-tcim 6 sa ru-ba-im,"DERCKSEN\n1-6 Seal of Histahsu, the..."
"Dercksen, J. G. ed. - Assyria and Beyond, Studies Presented to Mogens Trolle Larsen, FS Larsen. PIHANS 100, 2004.pdf",177,4ee012b5-f970-4b06-89df-db5fe0623e6c,0.31695659297379786,162\nJ. G. DERCKSEN\n1-6 Seal of Histahsu,"Dercksen, J."
"Dercksen, J. G. ed. - Assyria and Beyond, Studies Presented to Mogens Trolle Larsen, FS Larsen. PIHANS 100, 2004.pdf",177,4ee012b5-f970-4b06-89df-db5fe0623e6c,0.31695659297379786,the head of the orchards. Seal of imnilka,"- Assyria and Beyond, Studies Presented to Mogens Trolle Larsen, FS Larsen."
"Dercksen, J. G. ed. - Assyria and Beyond, Studies Presented to Mogens Trolle Larsen, FS Larsen. PIHANS 100, 2004.pdf",177,4ee012b5-f970-4b06-89df-db5fe0623e6c,0.31695659297379786,his wife. Seal of Bulili.\nSeal of Aduwa. Seal of Su-Kübim. Seal of Inarahsu. Seal of Humadasu. Seal of Sadahsu.\n7-9 Nakiliat and arnikan are brothers,"PIHANS 100, 2004.pdf  176     OLD ANATOLIAN SOCIETY\n161\nNote:\nThe form ra..."
"Dercksen, J. G. ed. - Assyria and Beyond, Studies Presented to Mogens Trolle Larsen, FS Larsen. PIHANS 100, 2004.pdf",179,b62f08a0-476a-4459-9e03-d568d97a338e,0.18416333968640014,164\nJ. G. DERCKSEN\nTablet = Kay 294\nEdition and study,"Dercksen, J."
"Dercksen, J. G. ed. - Assyria and Beyond, Studies Presented to Mogens Trolle Larsen, FS Larsen. PIHANS 100, 2004.pdf",179,b62f08a0-476a-4459-9e03-d568d97a338e,0.18416333968640014,121 no. 12. Translated in Hecker 2004,"PIHANS 100, 2004.pdf  180     OLD ANATOLIAN SOCIETY\n165\nVS 26,100 (VAT 132..."
"Dercksen, J. G. ed. - Assyria and Beyond, Studies Presented to Mogens Trolle Larsen, FS Larsen. PIHANS 100, 2004.pdf",180,8f67033f-cacb-9a5b-9a25-2de54cabe37e,0.29957715206680535,"OLD ANATOLIAN SOCIETY\n165\nVS 26,100 (VAT 13241)\nK.R. Veenhof","Dercksen, J."
"Dercksen, J. G. ed. - Assyria and Beyond, Studies Presented to Mogens Trolle Larsen, FS Larsen. PIHANS 100, 2004.pdf",180,8f67033f-cacb-9a5b-9a25-2de54cabe37e,0.29957715206680535,JEOL 32 (1991-92),"- Assyria and Beyond, Studies Presented to Mogens Trolle Larsen, FS Larsen."
"Dercksen, J. G. ed. - Assyria and Beyond, Studies Presented to Mogens Trolle Larsen, FS Larsen. PIHANS 100, 2004.pdf",180,8f67033f-cacb-9a5b-9a25-2de54cabe37e,0.29957715206680535,99 and VS 26,"PIHANS 100, 2004.pdf  181     166\nJ."
"Dercksen, J. G. ed. - Assyria and Beyond, Studies Presented to Mogens Trolle Larsen, FS Larsen. PIHANS 100, 2004.pdf",180,8f67033f-cacb-9a5b-9a25-2de54cabe37e,0.29957715206680535,p. 25. Study,DERCKSEN\nTexts from Level Ib\nKt n...
"Dercksen, J. G. ed. - Assyria and Beyond, Studies Presented to Mogens Trolle Larsen, FS Larsen. PIHANS 100, 2004.pdf",181,d0be9df6-382b-4f6e-bad1-e8bf3efcbaf1,0.49501755069030534,166\nJ. G. DERCKSEN\nTexts from Level Ib\nKt n/k 32\nUnopened envelope. Edition,"Dercksen, J."
"Dercksen, J. G. ed. - Assyria and Beyond, Studies Presented to Mogens Trolle Larsen, FS Larsen. PIHANS 100, 2004.pdf",181,d0be9df6-382b-4f6e-bad1-e8bf3efcbaf1,0.49501755069030534,copy on 91-92. Photo of obverse,"PIHANS 100, 2004.pdf  180     OLD ANATOLIAN SOCIETY\n165\nVS 26,100 (VAT 132..."
"Dercksen, J. G. ed. - Assyria and Beyond, Studies Presented to Mogens Trolle Larsen, FS Larsen. PIHANS 100, 2004.pdf",184,dc39b271-8acd-4363-9a44-2e8a155040ac,0.2673782036183696,OLD ANATOLIAN SOCIETY\n169\n2,"Dercksen, J."
"Dercksen, J. G. ed. - Assyria and Beyond, Studies Presented to Mogens Trolle Larsen, FS Larsen. PIHANS 100, 2004.pdf",184,dc39b271-8acd-4363-9a44-2e8a155040ac,0.2673782036183696,The writing a-lam can represent allam 'hoe',"- Assyria and Beyond, Studies Presented to Mogens Trolle Larsen, FS Larsen."
"Dercksen, J. G. ed. - Assyria and Beyond, Studies Presented to Mogens Trolle Larsen, FS Larsen. PIHANS 100, 2004.pdf",184,dc39b271-8acd-4363-9a44-2e8a155040ac,0.2673782036183696,but I prefer to read àlam 'village' be-\ncause of the occurrence of bétisunu u àlànisunu 'their house(s) and their villages' in KTK\n106,"PIHANS 100, 2004.pdf  185     170\nJ."
"Dercksen, J. G. ed. - Assyria and Beyond, Studies Presented to Mogens Trolle Larsen, FS Larsen. PIHANS 100, 2004.pdf",184,dc39b271-8acd-4363-9a44-2e8a155040ac,0.2673782036183696,21-22 (see note 3 above).\nKt 85/t 17\nRight lower part of large tablet. Photo,DERCKSEN\nKt 89/k 370;
"Dercksen, J. G. ed. - Assyria and Beyond, Studies Presented to Mogens Trolle Larsen, FS Larsen. PIHANS 100, 2004.pdf",184,dc39b271-8acd-4363-9a44-2e8a155040ac,0.2673782036183696,T. Özgüç,collated by ...
"Dercksen, J. G. ed. - Assyria and Beyond, Studies Presented to Mogens Trolle Larsen, FS Larsen. PIHANS 100, 2004.pdf",185,cb2f7895-2dea-49b2-b6f7-eeec647a6e3c,0.27068689095772397,170\nJ. G. DERCKSEN\nKt 89/k 370,"Dercksen, J."
"Dercksen, J. G. ed. - Assyria and Beyond, Studies Presented to Mogens Trolle Larsen, FS Larsen. PIHANS 100, 2004.pdf",185,cb2f7895-2dea-49b2-b6f7-eeec647a6e3c,0.27068689095772397,collated by K.R. Veenhof\nTablet. Edition,"- Assyria and Beyond, Studies Presented to Mogens Trolle Larsen, FS Larsen."
"Dercksen, J. G. ed. - Assyria and Beyond, Studies Presented to Mogens Trolle Larsen, FS Larsen. PIHANS 100, 2004.pdf",186,e40b73a7-130d-4b11-b77c-b0703e6b3e49,0.2462624197229964,priest of Hikisa. Seal of Wasatapra,"- Assyria and Beyond, Studies Presented to Mogens Trolle Larsen, FS Larsen."
"Dercksen, J. G. ed. - Assyria and Beyond, Studies Presented to Mogens Trolle Larsen, FS Larsen. PIHANS 100, 2004.pdf",186,e40b73a7-130d-4b11-b77c-b0703e6b3e49,0.2462624197229964,priest of Nisaba. Seal of\nHasu'uman,"PIHANS 100, 2004.pdf  187     172\nJ."
"Dercksen, J. G. ed. - Assyria and Beyond, Studies Presented to Mogens Trolle Larsen, FS Larsen. PIHANS 100, 2004.pdf",186,e40b73a7-130d-4b11-b77c-b0703e6b3e49,0.2462624197229964,the market supervisor. Seal of Turmali. Seal of Nakilit. Seal of Peruwa. Seal\nof Kammalia.\n6-7 Luapis,"DERCKSEN\n1-7 Seal of Inar, chief o..."
"Dercksen, J. G. ed. - Assyria and Beyond, Studies Presented to Mogens Trolle Larsen, FS Larsen. PIHANS 100, 2004.pdf",187,63c6e7fd-64a3-c9e6-3668-87057d28aaae,0.21790452771644925,172\nJ. G. DERCKSEN\n1-7 Seal of Inar,"Dercksen, J."
"Dercksen, J. G. ed. - Assyria and Beyond, Studies Presented to Mogens Trolle Larsen, FS Larsen. PIHANS 100, 2004.pdf",187,63c6e7fd-64a3-c9e6-3668-87057d28aaae,0.21790452771644925,chief of the si'us. Seal of Peruwa,"- Assyria and Beyond, Studies Presented to Mogens Trolle Larsen, FS Larsen."
"Dercksen, J. G. ed. - Assyria and Beyond, Studies Presented to Mogens Trolle Larsen, FS Larsen. PIHANS 100, 2004.pdf",187,63c6e7fd-64a3-c9e6-3668-87057d28aaae,0.21790452771644925,the chief of the herolds. Seal of\nDubawatar. Seal of Kammalia,"PIHANS 100, 2004.pdf  188     OLD ANATOLIAN SOCIETY\n173\n^IIal' ki5 a su 10..."
"Dercksen, J. G. ed. - Assyria and Beyond, Studies Presented to Mogens Trolle Larsen, FS Larsen. PIHANS 100, 2004.pdf",265,8f17c768-0e7b-4c61-8d5c-37f275f785ed,0.20855569195102894,adjacent to XLIX/115,"- Assyria and Beyond, Studies Presented to Mogens Trolle Larsen, FS Larsen."
"Dercksen, J. G. ed. - Assyria and Beyond, Studies Presented to Mogens Trolle Larsen, FS Larsen. PIHANS 100, 2004.pdf",265,8f17c768-0e7b-4c61-8d5c-37f275f785ed,0.20855569195102894,in which 230\ntablets were discovered in 2001,"PIHANS 100, 2004.pdf  266     The Treaty with Kanis\nKt."
"Dercksen, J. G. ed. - Assyria and Beyond, Studies Presented to Mogens Trolle Larsen, FS Larsen. PIHANS 100, 2004.pdf",265,8f17c768-0e7b-4c61-8d5c-37f275f785ed,0.20855569195102894,the treaty with Kanis,00/k 6\n(Light brow...
"Dercksen, J. G. ed. - Assyria and Beyond, Studies Presented to Mogens Trolle Larsen, FS Larsen. PIHANS 100, 2004.pdf",266,c15b7aef-a9c1-4eb0-9816-655e7289efcf,0.23580817208155969,The Treaty with Kanis\nKt. 00/k 6\n(Light brown,"Dercksen, J."
"Dercksen, J. G. ed. - Assyria and Beyond, Studies Presented to Mogens Trolle Larsen, FS Larsen. PIHANS 100, 2004.pdf",266,c15b7aef-a9c1-4eb0-9816-655e7289efcf,0.23580817208155969,15.3 x 7.1 x 3 cm.)\nObv.\n1\n[x x x (x)]-mi,"- Assyria and Beyond, Studies Presented to Mogens Trolle Larsen, FS Larsen."
"Dercksen, J. G. ed. - Assyria and Beyond, Studies Presented to Mogens Trolle Larsen, FS Larsen. PIHANS 100, 2004.pdf",266,c15b7aef-a9c1-4eb0-9816-655e7289efcf,0.23580817208155969,si-im\n2 [DINGIR.ME] rKUR' Kà-ni-is KUR A-c. -kà-rsI1 pâ\n3\n[x x x] AB kam !,"PIHANS 100, 2004.pdf  267     252\nC."
"Dercksen, J. G. ed. - Assyria and Beyond, Studies Presented to Mogens Trolle Larsen, FS Larsen. PIHANS 100, 2004.pdf",266,c15b7aef-a9c1-4eb0-9816-655e7289efcf,0.23580817208155969,`d'Sû in,GÜNBATTI\n39 [x-x]-û-ni :
"Dercksen, J. G. ed. - Assyria and Beyond, Studies Presented to Mogens Trolle Larsen, FS Larsen. PIHANS 100, 2004.pdf",266,c15b7aef-a9c1-4eb0-9816-655e7289efcf,0.23580817208155969,rd'[U]TU !\n4\n[ x x x] drKu''-ba-ba,i-nu-mi :
"Dercksen, J. G. ed. - Assyria and Beyond, Studies Presented to Mogens Trolle Larsen, FS Larsen. PIHANS 100, 2004.pdf",267,c15b7aef-a9c1-4eb0-9816-655e7289efcf,0.4017005827041669,252\nC. GÜNBATTI\n39 [x-x]-û-ni,"Dercksen, J."
"Dercksen, J. G. ed. - Assyria and Beyond, Studies Presented to Mogens Trolle Larsen, FS Larsen. PIHANS 100, 2004.pdf",267,c15b7aef-a9c1-4eb0-9816-655e7289efcf,0.4017005827041669,da-mu-u[m]\n40 [sa DUMU] A-sùr,"PIHANS 100, 2004.pdf  266     The Treaty with Kanis\nKt."
"Dercksen, J. G. ed. - Assyria and Beyond, Studies Presented to Mogens Trolle Larsen, FS Larsen. PIHANS 100, 2004.pdf",267,c15b7aef-a9c1-4eb0-9816-655e7289efcf,0.4017005827041669,i-na a-li-kà\n41 [i ma-t]i-kà,00/k 6\n(Light brow...
"Dercksen, J. G. ed. - Assyria and Beyond, Studies Presented to Mogens Trolle Larsen, FS Larsen. PIHANS 100, 2004.pdf",267,c15b7aef-a9c1-4eb0-9816-655e7289efcf,0.4017005827041669,i né pu su ni\n42 [hu-lu]-qd-um,266     The Treaty with Kanis\nKt.
"Dercksen, J. G. ed. - Assyria and Beyond, Studies Presented to Mogens Trolle Larsen, FS Larsen. PIHANS 100, 2004.pdf",267,c15b7aef-a9c1-4eb0-9816-655e7289efcf,0.4017005827041669,i ba si tic ni\nRev.\n43 [a-n]a da-me-e,00/k 6\n(Light brow...
"Dercksen, J. G. ed. - Assyria and Beyond, Studies Presented to Mogens Trolle Larsen, FS Larsen. PIHANS 100, 2004.pdf",271,20bd0204-6ce5-4cf8-ba41-e63581a68d1e,0.26162705111348555,256\nC. GÜNBATTI\nThe Treaty with Hahhum\nKt. 00/k 10\n(Brick red,"Dercksen, J."
"Dercksen, J. G. ed. - Assyria and Beyond, Studies Presented to Mogens Trolle Larsen, FS Larsen. PIHANS 100, 2004.pdf",271,20bd0204-6ce5-4cf8-ba41-e63581a68d1e,0.26162705111348555,14.3 x 15 x 4.7 cm.)\nObverse\nCol. I\n1\n[\n2\n[\n3\n[\n-a]m'\n4\n[\n]-su\n5\n[\n] lét tù-ta-ma-'x'-ni\n6\n[\n] rx'-ra-tim\n7\n[\n] 1x'-at tù-0- 1um'\n8\n[ x x x x],"- Assyria and Beyond, Studies Presented to Mogens Trolle Larsen, FS Larsen."
"Dercksen, J. G. ed. - Assyria and Beyond, Studies Presented to Mogens Trolle Larsen, FS Larsen. PIHANS 100, 2004.pdf",271,20bd0204-6ce5-4cf8-ba41-e63581a68d1e,0.26162705111348555,a DUMU kà-ri-i[m]\n9\n[Ha -hi -im] tit sé ru bu ni\n10\n[x x ]- 1kà'-ni,"PIHANS 100, 2004.pdf  272     TWO TREATY TEXTS FOUND AT KÜLTEPE\n257\n6\n7\n..."
"Dercksen, J. G. ed. - Assyria and Beyond, Studies Presented to Mogens Trolle Larsen, FS Larsen. PIHANS 100, 2004.pdf",272,20bd0204-6ce5-4cf8-ba41-e63581a68d1e,0.29475697775595017,Ha-hi-im\n1i'-na ke-na-ti[m],"PIHANS 100, 2004.pdf  273     17'\n[\n]-tam :"
"Dercksen, J. G. ed. - Assyria and Beyond, Studies Presented to Mogens Trolle Larsen, FS Larsen. PIHANS 100, 2004.pdf",272,20bd0204-6ce5-4cf8-ba41-e63581a68d1e,0.29475697775595017,ta-di-na-ni :\nrda1-in DUMU A-sur,a-na rni'-[is]-ha-ti-ku-nu\n18...
"Dercksen, J. G. ed. - Assyria and Beyond, Studies Presented to Mogens Trolle Larsen, FS Larsen. PIHANS 100, 2004.pdf",273,20bd0204-6ce5-4cf8-ba41-e63581a68d1e,0.2537505669361224,17'\n[\n]-tam,"Dercksen, J."
"Dercksen, J. G. ed. - Assyria and Beyond, Studies Presented to Mogens Trolle Larsen, FS Larsen. PIHANS 100, 2004.pdf",273,20bd0204-6ce5-4cf8-ba41-e63581a68d1e,0.2537505669361224,"a-na rni'-[is]-ha-ti-ku-nu\n18' [\nm]a ILLAT""""""\n19' [\n] e\n[x]\n20'\n[\nmu-4f-û-um\n21'\n[i-la-qé-ma","- Assyria and Beyond, Studies Presented to Mogens Trolle Larsen, FS Larsen."
"Dercksen, J. G. ed. - Assyria and Beyond, Studies Presented to Mogens Trolle Larsen, FS Larsen. PIHANS 100, 2004.pdf",273,20bd0204-6ce5-4cf8-ba41-e63581a68d1e,0.2537505669361224,x GIN.TA KÙÙ.BABBAR i sa qal\n22' [\n] ka AN.NA\n23'\n[\n] x,"PIHANS 100, 2004.pdf  272     TWO TREATY TEXTS FOUND AT KÜLTEPE\n257\n6\n7\n..."
"Dercksen, J. G. ed. - Assyria and Beyond, Studies Presented to Mogens Trolle Larsen, FS Larsen. PIHANS 100, 2004.pdf",303,2678d89d-992a-4e39-8f5c-ee4a31d5cdf2,0.22984635752502594,"radiert)\n1.S. 90\nln-ml-dl / (Ras.) a-na a-wa-tim / a-ni-a-tim / kà-ru-um Kà-ni-is /\nsa-he-er l GAL\ni-di-ni-a-ti-ma / KA DINGIR'"""" / IGI GiR sa A-sùr si-bu-ti-ni / ni-di-in\nIGI I-si-im-S6-en6 / DUMU gal-ma-A-sùr / IGI Dan-A-sùr DUMU\nA-sùr-is-ti-kâl\n1-2)Ikünum packte uns gegen Amur-amas und sprach dann folgendermaßen:\n2-4) „Beim Tod unseres Vaters schicktest du mich ohne einen einzigen Scheqel Silber\nnach außerhalb. 5-6)Von einem Geldgeber nahm ich Verfügungsgeld an","- Assyria and Beyond, Studies Presented to Mogens Trolle Larsen, FS Larsen."
"Dercksen, J. G. ed. - Assyria and Beyond, Studies Presented to Mogens Trolle Larsen, FS Larsen. PIHANS 100, 2004.pdf",303,2678d89d-992a-4e39-8f5c-ee4a31d5cdf2,0.22984635752502594,"um in die Stadt\nzu reisen. 7 "" 11)Doch du packtest mich und brachtest mich fast um. Du packtest mein\nGepäck nebst meinem Verfügungsgeld und sprachst folgendermaßen","PIHANS 100, 2004.pdf  302     BEIM TODE UNSERES VATERS ...\n287\na-na a-limk..."
"Dercksen, J.G. et al. - Veenhof Anniversary Volume. PIHANS 89, 2001.pdf",80,4906cec6-b640-4fd3-b694-d1d930b82ef4,0.4853807282085155,a a-hu-ku-nu,- Veenhof Anniversary Volume.
"Dercksen, J.G. et al. - Veenhof Anniversary Volume. PIHANS 89, 2001.pdf",80,4906cec6-b640-4fd3-b694-d1d930b82ef4,0.4853807282085155,lu-sé-er\num-ma kà-ru-um-ma li-zi-iz\n20 <IGI> GfR sa A-sùr li-it-ma\nû-ul,"PIHANS 89, 2001.pdf  79      THE RIVER ORDEAL IN ANCIENT ANATOLIA*\nCahit G..."
"Dercksen, J.G. et al. - Veenhof Anniversary Volume. PIHANS 89, 2001.pdf",80,4906cec6-b640-4fd3-b694-d1d930b82ef4,0.4853807282085155,ki-ma DUMU a-li-kà\nLo.E. a-na i-id,79      THE RIVER ORDEAL IN ANCIENT ANATOLIA*\nCahit G...
Dercksen_2001a_VeenhofFS_when_we_met.pdf,15,3366f31b-45aa-41e6-9794-8331b790fb21,0.25712088970162345,52\nlG. DERCKSEN\nthat good news from you would reach me in the city so that my face would not become unhappy\non account of you. My dear lord,Dercksen_2001a_VeenhofFS_when_we_met.pdf  17      54\nlO.
Dercksen_2001a_VeenhofFS_when_we_met.pdf,15,3366f31b-45aa-41e6-9794-8331b790fb21,0.25712088970162345,Abum-kirna-ilimma is bringing you under my sealings\nbefore harvest time one saqqu-garment,DERCKSEN\nThose related to Daya were d...
Dercksen_2001a_VeenhofFS_when_we_met.pdf,15,3366f31b-45aa-41e6-9794-8331b790fb21,0.25712088970162345,one nablaptu-garment,17      54\nlO.
Dercksen_2001a_VeenhofFS_when_we_met.pdf,15,3366f31b-45aa-41e6-9794-8331b790fb21,0.25712088970162345,a pair of shoes made in Asal68,DERCKSEN\nThose related to Daya were d...
Dercksen_2014_DocumentarySources.pdf,12,e2ad06bb-776a-42db-9bac-6c0b057327ff,0.3987594369895475,Jan Gerrit Dercksen\n64\n(...) At the time I gave you the naruqqum you did not have a slave,Dercksen_2014_DocumentarySources.pdf  13      4  The Old Assyrian Trade and its Participants...
Dercksen_2014_DocumentarySources.pdf,12,e2ad06bb-776a-42db-9bac-6c0b057327ff,0.3987594369895475,a slave\ngirl,13      4  The Old Assyrian Trade and its Participants...
Dercksen_2014_DocumentarySources.pdf,20,2918bdfd-f8b6-4a10-224c-8c499e1fb222,0.3490673127544138,Jan Gerrit Dercksen\n72\ntextiles you keep writing to me about,Dercksen_2014_DocumentarySources.pdf  21      4  The Old Assyrian Trade and its Participants...
Dercksen_2014_DocumentarySources.pdf,20,2918bdfd-f8b6-4a10-224c-8c499e1fb222,0.3490673127544138,there is no Šurbu-wool. We will buy 1 heavy\ntextile on the market and send it to you.”45 Another example of the fact that tin was\npreferred is contained in CCT 5,21      4  The Old Assyrian Trade and its Participants...
Dercksen_2014_DocumentarySources.pdf,24,9872305c-0b0c-45ce-86e9-a83f2f5473bb,0.26652372555967596,Jan Gerrit Dercksen\n76\ntextiles (below 15).56 This has to do with the margin for profit and will be discussed\nbelow. A rate of 14 was considered expensive according to BIN 6,Dercksen_2014_DocumentarySources.pdf  25      4  The Old Assyrian Trade and its Participants...
Dercksen_2014_DocumentarySources.pdf,24,9872305c-0b0c-45ce-86e9-a83f2f5473bb,0.26652372555967596,59. At 13 and lower\n(12 1/2 or 12),25      4  The Old Assyrian Trade and its Participants...
Dercksen_2014_DocumentarySources.pdf,36,c5989ffb-ee1e-4958-8bb5-6f48503bfb20,0.2542457965812096,Jan Gerrit Dercksen\n88\n7. GOLD\nGold has a special position among the objects of trade.77 It was a highly prized material\nand one letter contains the somewhat deprecatory remark “When they see gold,Dercksen_2014_DocumentarySources.pdf  35      4  The Old Assyrian Trade and its Participants...
Dercksen_2014_DocumentarySources.pdf,36,c5989ffb-ee1e-4958-8bb5-6f48503bfb20,0.2542457965812096,(their)\nhands and feet tremble” referring to unspecified “men” (awīlū).78 It was made into\njewellery and formed the valuta of the naruqqum-joint-stock investments in a way that\nis still imperfectly understood. But most importantly,35      4  The Old Assyrian Trade and its Participants...
Dercksen_2014_DocumentarySources.pdf,46,a665a8fd-07d3-6eec-af07-6aab720ec799,0.29437422476701225,Jan Gerrit Dercksen\n98\nwhich was sent to Anatolia to be sold there as a tadmiqtum. Such a dire situation is\nvividly described in some of the letters sent by Tāram-Kūbi to her husband Innāya. A\nletter from Assur sent to Alahum contains the following lines,Dercksen_2014_DocumentarySources.pdf  45      4  The Old Assyrian Trade and its Participants...
Dercksen_2014_DocumentarySources.pdf,46,a665a8fd-07d3-6eec-af07-6aab720ec799,0.29437422476701225,“You wrote to me,45      4  The Old Assyrian Trade and its Participants...
Dercksen_2015_Anatolica41.pdf,8,365b25ea-e14b-4edd-ae1b-36de19410485,0.5883621829711053,2015\n39\n20 [kà-ru-um],7       38\nJan Gerrit Dercksen\nThe priest and his fa...
Dercksen_2015_Anatolica41.pdf,26,2678d89d-992a-4e39-8f5c-ee4a31d5cdf2,0.4903213633609655,2015\n57\nKt 88/k 971\nPublication,"27      58\nJan Gerrit Dercksen\nus, the children of Š..."
"Grayson, A. Kirk - Assyrian Rulers of the Third and Second Millennia BC (to 1115 BC). RIMA 1, 1987.pdf",43,b524bd3d-5fc7-4993-9ce9-d96a9b033c85,0.3416811051936945,Belleten 14 pp. 219-68 and pis.\n1970 Röllig,Kirk - Assyrian Rulers of the Third and Second Millennia BC (to 1115 BC).
"Grayson, A. Kirk - Assyrian Rulers of the Third and Second Millennia BC (to 1115 BC). RIMA 1, 1987.pdf",43,b524bd3d-5fc7-4993-9ce9-d96a9b033c85,0.3416811051936945,RA 64 p. 95 (study)\nxvi-xxvi (exs. 1-2,"RIMA 1, 1987.pdf  44      Erišum i A.0.33.10\n21\nša mu-uš-lá-le i-ri-šu..."
"Grayson, A. Kirk - Assyrian Rulers of the Third and Second Millennia BC (to 1115 BC). RIMA 1, 1987.pdf",44,b524bd3d-5fc7-4993-9ce9-d96a9b033c85,0.3774240380771702,vice-regent of Assur,"RIMA 1, 1987.pdf  43      20\nErišumi A.0.33.10\nC O M M E N T A R Y\nNe..."
"Grayson, A. Kirk - Assyrian Rulers of the Third and Second Millennia BC (to 1115 BC). RIMA 1, 1987.pdf",258,6754331f-588f-4aac-bd44-5d488f87392d,0.180614276124827,king of the land of\nthe Uqumenu,Kirk - Assyrian Rulers of the Third and Second Millennia BC (to 1115 BC).
"Grayson, A. Kirk - Assyrian Rulers of the Third and Second Millennia BC (to 1115 BC). RIMA 1, 1987.pdf",258,6754331f-588f-4aac-bd44-5d488f87392d,0.180614276124827,I captured (and) brought them\nbound to my city,"RIMA 1, 1987.pdf  259     236\nTuku1tī-Ninurta i A.0 78 1\n28) eš-re-su-..."
"Gwaltney, W.C. - The Pennsylvania Old Assyrian Texts. HUCA 3, 1983.pdf",20,d546d6e3-fd34-4c32-a586-78989a79ecbe,0.34715828843086904,16\nPA. 5\nLine 34- The remains at the beginning of the line may be\ninterpreted variously,"Gwaltney, W.C."
"Gwaltney, W.C. - The Pennsylvania Old Assyrian Texts. HUCA 3, 1983.pdf",23,6820a22e-ed78-4557-8267-72eeaeab8383,0.3490304842105696,to Asshur-nädä,- The Pennsylvania Old Assyrian Texts.
"Gwaltney, W.C. - The Pennsylvania Old Assyrian Texts. HUCA 3, 1983.pdf",75,5e382cf3-f9c1-4336-991d-5227fc9bcb65,0.26260701711472406,(3) speak (2) to Asshur-rabi and\n(3) Asshur-imitti,- The Pennsylvania Old Assyrian Texts.
"Gwaltney, W.C. - The Pennsylvania Old Assyrian Texts. HUCA 3, 1983.pdf",75,5e382cf3-f9c1-4336-991d-5227fc9bcb65,0.26260701711472406,(4) speak (especially) to Asshur-\nUn-\nfortunately(?)5)\nUn-\nfortunately(?) (6) Tâb-Asshur,"HUCA 3, 1983.pdf  77      PA."
"Gwaltney, W.C. - The Pennsylvania Old Assyrian Texts. HUCA 3, 1983.pdf",75,5e382cf3-f9c1-4336-991d-5227fc9bcb65,0.26260701711472406,your brother's son,"26\n73\nstrangely written,\n."
"Gwaltney, W.C. - The Pennsylvania Old Assyrian Texts. HUCA 3, 1983.pdf",75,5e382cf3-f9c1-4336-991d-5227fc9bcb65,0.26260701711472406,(7) is dead. Since\n(he) is dead,The ta in li...
Hecker FS - AOF 35-1 2008 Complete.pdf,154,f6605ae0-1ede-476d-be9d-76a3919cfeef,0.3138933075053329,"The absence of any clear archaeological evidence for private religious installations,\nchapels etc. gives special importance to a small text from the Sˇalim-Asˇsˇur archive","Hecker FS - AOF 35-1 2008 Complete.pdf  156     Foster,B.,Before the Muses.An Anthology of Akk..."
Hertel_2013_OAAS6_OA legal practices.pdf,171,88aca1bf-8359-4789-843f-f2d746bc03b0,0.18128635429653236,128\nCHAPTER FIVE\nThe scribe,Hertel_2013_OAAS6_OA legal practices.pdf  173     130\nCHAPTER FIVE\nIn accordance with the verd...
Hertel_2013_OAAS6_OA legal practices.pdf,171,88aca1bf-8359-4789-843f-f2d746bc03b0,0.18128635429653236,the datu-payers,173     130\nCHAPTER FIVE\nIn accordance with the verd...
Hertel_2013_OAAS6_OA legal practices.pdf,402,7fd3748d-bb40-a9e8-6ad2-1bb3b5c1049f,0.1983280025119035,ADJUDICATION\n359\nargument pursued by the attorney. According to the factual witnesses,Hertel_2013_OAAS6_OA legal practices.pdf  401     358\nCHAPTER TEN\nThe second stage of the inte...
"Hoffner, H & G. Beckman eds - Kaniššuwar. A Tribute to Hans G. Güterbock on his 75th Birthday. AS 23, 1986.pdf",9,adb0573b-20fb-469d-8343-0ace8e2489e0,0.21047497951306418,place her (the girl) in the lap of the god\nAššur,Beckman eds - Kaniššuwar.
"Hoffner, H & G. Beckman eds - Kaniššuwar. A Tribute to Hans G. Güterbock on his 75th Birthday. AS 23, 1986.pdf",9,adb0573b-20fb-469d-8343-0ace8e2489e0,0.21047497951306418,"and seize the foot of your own god.""\nIn the letter MAH 162093",A Tribute to Hans G.
"Hoffner, H & G. Beckman eds - Kaniššuwar. A Tribute to Hans G. Güterbock on his 75th Birthday. AS 23, 1986.pdf",9,adb0573b-20fb-469d-8343-0ace8e2489e0,0.21047497951306418,3ff. Lamassi approaches the problem of the\nyoung girl in a different manner. The letter to Mu-kin begins directly by\nsaying,Güterbock on his 75th Birthday.
"Hoffner, H & G. Beckman eds - Kaniššuwar. A Tribute to Hans G. Güterbock on his 75th Birthday. AS 23, 1986.pdf",9,adb0573b-20fb-469d-8343-0ace8e2489e0,0.21047497951306418,"ta-ša-mi-ma ta-ni-iš(!)-turn (4) ils(!)-té-mi-in (5) a-bu-um a-na a-bi-im\n\n(6) a-na ha-ln-tim i-za-az (7) ku-ta-bi-it-ma (8) ù al-kam-ma ku-ur-síkà (9)\npn-ri-ir sú-ha-ar-tdm (10) a-na sú-un A-šùr (11) šu-ku -un ""You also hear that\nhumanity has become bad. One is ready to swaliow the other. 4 (So) do (us)\n3. Preserved at the Musée d'a rt et d'histoire de Genève. See Garelli","AS 23, 1986.pdf  11      4\nKEMAL BALKAN\nplaintiff in the new text is ..."
"Hoffner, H & G. Beckman eds - Kaniššuwar. A Tribute to Hans G. Güterbock on his 75th Birthday. AS 23, 1986.pdf",35,6a2f7718-17c7-4010-a4e0-0b8c77040f72,0.1887218838366261,Tel Aviv 7 (1980) 164f.,Beckman eds - Kaniššuwar.
"Hoffner, H & G. Beckman eds - Kaniššuwar. A Tribute to Hans G. Güterbock on his 75th Birthday. AS 23, 1986.pdf",35,6a2f7718-17c7-4010-a4e0-0b8c77040f72,0.1887218838366261,suggests that this passage was spoken by Mursill Il in\nreference to uppiluliuma l.,A Tribute to Hans G.
"Hoffner, H & G. Beckman eds - Kaniššuwar. A Tribute to Hans G. Güterbock on his 75th Birthday. AS 23, 1986.pdf",37,6a2f7718-17c7-4010-a4e0-0b8c77040f72,0.2385372734823264,241)\nšarrûta sabntu KBo 1.14 rev. 5,Beckman eds - Kaniššuwar.
"Larsen 1976 - The Old Assyrian City-state and Its Colonies. Mesopotamia 4, 1976.pdf",134,33c0b051-5f89-450e-8c89-215b43503ba8,0.226780221050902,135\nEnvelope :\n[Seal of the wak]lum,Larsen 1976 - The Old Assyrian City-state and Its Colonies.
"Larsen 1976 - The Old Assyrian City-state and Its Colonies. Mesopotamia 4, 1976.pdf",134,33c0b051-5f89-450e-8c89-215b43503ba8,0.226780221050902,son of Su'ejja:\nPay heed to the words of the letter ! And as for the letter which\nAmur-Istar,135     136\nIn spite of the many obscurities in this ...
"Larsen 1976 - The Old Assyrian City-state and Its Colonies. Mesopotamia 4, 1976.pdf",136,10d903fd-fdd5-38ce-a725-07cf230355d6,0.28929094503006597,137\nborrowed) against interest,Larsen 1976 - The Old Assyrian City-state and Its Colonies.
"Larsen 1976 - The Old Assyrian City-state and Its Colonies. Mesopotamia 4, 1976.pdf",136,10d903fd-fdd5-38ce-a725-07cf230355d6,0.28929094503006597,"and I shall then send you the rest of\nyour money.""\nIt was two talents five minas of tin","Mesopotamia 4, 1976.pdf  135     136\nIn spite of the many obscurities in this ..."
"Larsen 1976 - The Old Assyrian City-state and Its Colonies. Mesopotamia 4, 1976.pdf",136,10d903fd-fdd5-38ce-a725-07cf230355d6,0.28929094503006597,30 kutânum-textiles,135     136\nIn spite of the many obscurities in this ...
"Larsen 1976 - The Old Assyrian City-state and Its Colonies. Mesopotamia 4, 1976.pdf",141,666546af-69cc-af94-d843-62450377f611,0.22649012149403383,"142\nthe ""lieutenant""",Larsen 1976 - The Old Assyrian City-state and Its Colonies.
"Larsen 1976 - The Old Assyrian City-state and Its Colonies. Mesopotamia 4, 1976.pdf",176,a61eb0fb-68a9-911d-7d80-0df4e09d5d80,0.19125922201530962,I77\nThe. entire matter concerns the dissolution of a naruqqu-partnership\ncaused by the death of the investor,Larsen 1976 - The Old Assyrian City-state and Its Colonies.
"Larsen 1976 - The Old Assyrian City-state and Its Colonies. Mesopotamia 4, 1976.pdf",176,a61eb0fb-68a9-911d-7d80-0df4e09d5d80,0.19125922201530962,it is likely that it is only one among\nseveral investors who thus withdraws from the partnership. Apparently\nthe heir has already received his father's originai investment which\namounted to 2 minas of gold,"Mesopotamia 4, 1976.pdf  177     178\nbe the executive power of the attorney."
"Larsen 1976 - The Old Assyrian City-state and Its Colonies. Mesopotamia 4, 1976.pdf",176,a61eb0fb-68a9-911d-7d80-0df4e09d5d80,0.19125922201530962,and the case is solely concerned with the\nquestion of the division of profits. How the precise figures mentioned in\nthe text were arrived at remains unknown to us,177     178\nbe the executive power of the attorney.
"Larsen 1976 - The Old Assyrian City-state and Its Colonies. Mesopotamia 4, 1976.pdf",178,841c132c-2a01-edad-b89f-45887eb74e49,0.1895368646806991,"but you have not deposited any money and moreover you have\nnot come here. So we appealed to the City. We got hold of a tablet,\nbut Ennum-Assur","Mesopotamia 4, 1976.pdf  177     178\nbe the executive power of the attorney."
"Larsen 1976 - The Old Assyrian City-state and Its Colonies. Mesopotamia 4, 1976.pdf",180,850ccd02-c8ea-bd66-f496-6015c32db3ed,0.18011738181756598,181\nin accordance with the tablet of the City so that you and Altsur-imitti\ncan negotiate in the City. He has asked you questions here and his\ntablets are certified. Come on,Larsen 1976 - The Old Assyrian City-state and Its Colonies.
"Larsen 1976 - The Old Assyrian City-state and Its Colonies. Mesopotamia 4, 1976.pdf",180,850ccd02-c8ea-bd66-f496-6015c32db3ed,0.18011738181756598,"leave for the City even today in ac-\ncordance with the tablet of the City and appear in court with your\nopponent! Do not cheat me. You have already made me spend a lot\nof money !""\nBuzazu answered the attorney Su-Anum","Mesopotamia 4, 1976.pdf  181     182\nWe have sent an attorney and the attorney..."
"Larsen 1976 - The Old Assyrian City-state and Its Colonies. Mesopotamia 4, 1976.pdf",181,8ba6e3bb-c4c3-6ca5-1c4f-96ed2fbab652,0.1821809071394695,182\nWe have sent an attorney and the attorney holds a binding tablet of\nthe City,Larsen 1976 - The Old Assyrian City-state and Its Colonies.
"Larsen 1976 - The Old Assyrian City-state and Its Colonies. Mesopotamia 4, 1976.pdf",181,8ba6e3bb-c4c3-6ca5-1c4f-96ed2fbab652,0.1821809071394695,stating that nobody,"Mesopotamia 4, 1976.pdf  180     181\nin accordance with the tablet of the City..."
"Larsen 1976 - The Old Assyrian City-state and Its Colonies. Mesopotamia 4, 1976.pdf",181,8ba6e3bb-c4c3-6ca5-1c4f-96ed2fbab652,0.1821809071394695,either in the City or abroad,180     181\nin accordance with the tablet of the City...
"Larsen 1976 - The Old Assyrian City-state and Its Colonies. Mesopotamia 4, 1976.pdf",320,37e7d474-538b-06d5-810f-97475010ba4c,0.18559139904795116,32I\nbringing — (on top of that) the merchant gave him I5 minas of silver\nand 2/3 mina of good-quality gold,Larsen 1976 - The Old Assyrian City-state and Its Colonies.
"Larsen 1976 - The Old Assyrian City-state and Its Colonies. Mesopotamia 4, 1976.pdf",320,37e7d474-538b-06d5-810f-97475010ba4c,0.18559139904795116,"and his tablet has been certified. 89\nIn this place the translation ""rest""","Mesopotamia 4, 1976.pdf  321     322\nthing like ""the company"";"
"Larsen 1976 - The Old Assyrian City-state and Its Colonies. Mesopotamia 4, 1976.pdf",320,37e7d474-538b-06d5-810f-97475010ba4c,0.18559139904795116,"""remainder""",if the word sho...
"Larsen 1976 - The Old Assyrian City-state and Its Colonies. Mesopotamia 4, 1976.pdf",336,193f2db4-d793-8c1c-2347-3dec41fef94d,0.32762049223635814,337\nand they will be deposited (as evidence) before the City and our\nLord.\nWitnessed by Ennum-Assur,Larsen 1976 - The Old Assyrian City-state and Its Colonies.
"Larsen 1976 - The Old Assyrian City-state and Its Colonies. Mesopotamia 4, 1976.pdf",336,193f2db4-d793-8c1c-2347-3dec41fef94d,0.32762049223635814,son of Anninum,"Mesopotamia 4, 1976.pdf  337     338\nhis partner Buzazu played a prominent rol..."
"Larsen 1976 - The Old Assyrian City-state and Its Colonies. Mesopotamia 4, 1976.pdf",339,bc166461-a9e9-c3ae-5169-bdbfcad4e4bd,0.2516111719204793,"340\nWhen they ""stored"" 20 kutanum-textiles Assur-nada ""deposited"" 1 1/2\n.iurum-textile. li-mu-um Assur-nadâ and Lulu.\nWhen (it was) 15 kutanum-textiles Assur-nadâ ""deposited"" I i/2 kuta-\nnum-textile. li-mu-um Amur-Istar and Ilabrat-bani.\nl kutanum-textile",Larsen 1976 - The Old Assyrian City-state and Its Colonies.
"Larsen 1976 - The Old Assyrian City-state and Its Colonies. Mesopotamia 4, 1976.pdf",339,bc166461-a9e9-c3ae-5169-bdbfcad4e4bd,0.2516111719204793,our father's share,"Mesopotamia 4, 1976.pdf  340     341\nAmur-Istar is a prominent man who corresp..."
"Larsen 2002 - The Aššur-nada Archive. PIHANS 96, 2002.pdf",58,2cb3d8ef-f49f-8419-6238-684ea925da30,0.31481082873527794,From Aššur-idi\nto Puzur-Ištar\ncpd Asgndum:\nAs to the 1 talent 5 minas of tin\n5\nunder seal which Asqùdum\nis bringing,Larsen 2002 - The Aššur-nada Archive.
"Larsen 2002 - The Aššur-nada Archive. PIHANS 96, 2002.pdf",58,2cb3d8ef-f49f-8419-6238-684ea925da30,0.31481082873527794,as soon as\nyou reach Timelkia\nyou must say as follows to\nSû-Ištar,"PIHANS 96, 2002.pdf  59      LETTERS FROM ASSUR-IDÏ\n11\ncpd 35 weeks;"
"Larsen 2002 - The Aššur-nada Archive. PIHANS 96, 2002.pdf",59,f49dcb4a-246f-a124-1b49-baf06a276bc8,0.20445326374348566,LETTERS FROM ASSUR-IDÏ\n11\ncpd 35 weeks,Larsen 2002 - The Aššur-nada Archive.
"Larsen 2002 - The Aššur-nada Archive. PIHANS 96, 2002.pdf",59,f49dcb4a-246f-a124-1b49-baf06a276bc8,0.20445326374348566,for Sn-Istar son of Azuda see EOT 1,"PIHANS 96, 2002.pdf  58      From Aššur-idi\nto Puzur-Ištar\ncpd Asgndum:\n..."
"Larsen 2002 - The Aššur-nada Archive. PIHANS 96, 2002.pdf",62,6d3168f3-99ba-46a2-865f-3e60fd30e30a,0.23434021281090495,"the price of a donkey,\nI paid to Usur-sa-Aššur.\nThe day you left you took 5 minas of scrap\nmetal worth 4 shekels of silver.\n30\nThe export duty was 1/2 shekel 15 grains;\nyou wrote me about it","PIHANS 96, 2002.pdf  63      Pqvgs\nTranslation in Michel, GMO=""367-368\n36..."
"Larsen 2002 - The Aššur-nada Archive. PIHANS 96, 2002.pdf",98,fee00b3b-fb3b-cb1b-b361-8dcc6b3183a8,0.26001513733098486,"the son of Aššur-malik.\nIf he does not get it to me,\nhe will pay interest at the rate 1/3 mina per\n25 to e mina (per year)","PIHANS 96, 2002.pdf  100     is on his way to you.\nlo.e.\nEntrust both the..."
"Larsen 2002 - The Aššur-nada Archive. PIHANS 96, 2002.pdf",98,fee00b3b-fb3b-cb1b-b361-8dcc6b3183a8,0.26001513733098486,"reckoned from\nthe month Ab-sarrâni,\neponymy Buzuzu.\nrev.\n15 shekels of refined silver owed by\nAššur-lamassi",100     is on his way to you.\nlo.e.\nEntrust both the...
"Larsen 2002 - The Aššur-nada Archive. PIHANS 96, 2002.pdf",101,42c7b3db-78ca-4f7e-92a4-7fcf13ccc4bf,0.26359858050756735,clear the\nremainder of the goods\ntransported by you and send it to me,"PIHANS 96, 2002.pdf  102     76\nLETTERS FROM ASSUR-IDi\nPqvgs\n;):""for the..."
"Larsen 2002 - The Aššur-nada Archive. PIHANS 96, 2002.pdf",103,a5a019c6-44b3-8621-c5de-d4a2cd138c96,0.22390779464817712,a-qa-tí-su mì-ma a-nim\ni-a-um Ku-ru-ub-Istar\nna-at-a-ku-nu-tí AN.NA ù TÜG.HI.A\nma-la i-na É.GAL-lim\ni-za-ku-a-ni a-na A-sur-ta-/ak-la-ku\ndí-in,Larsen 2002 - The Aššur-nada Archive.
"Larsen 2002 - The Aššur-nada Archive. PIHANS 96, 2002.pdf",103,a5a019c6-44b3-8621-c5de-d4a2cd138c96,0.22390779464817712,"tu-ma\nA-sur-ta-ak-la-ku la-su\na-tar wa-a -bu sé bi il8 su'*\nlu-qú -tum ma-la iz-ku-a-ni\ntup-pa-am sé-bi-lam\na-na A-sur-ta-ak-la-ku\nqí-bi-ma i-na Bu-ru-us-/ha-dim\nkà-ra-am\nki tù-sa-ab i-nu-mì\nté-ru-bu a-la-an\n10 u7-me la tù-sa-ab ci -ha-ra-tim\nlu e-ri-is za-ki-a-ma ra-ma-ku-nu\na-tal-/kà-nim\n30\nfor his expenses—with all this,\nmy personal property","PIHANS 96, 2002.pdf  102     76\nLETTERS FROM ASSUR-IDi\nPqvgs\n;):""for the..."
"Larsen 2002 - The Aššur-nada Archive. PIHANS 96, 2002.pdf",142,b96f7f2a-cf5a-462c-91c4-c6d7b7dbc9d7,0.264657497719227,"8 talents 40 minas less 2/3 mina\napart from the transport tariff,\nwhich you have bought for me-\n15\nout of which you sent 5 talents to\nBurushaddum,\nand\nwhose proceeds I have already received-\n1 talent 18 minas of good broken copper,\nproceeds from the sale of 3 donkeys,\n20 lo.e. which you gave in commission to an agent,\nof that 10 minas belong to you,\n25 minas of good (copper),\nrev.\nproceeds from the sale of a donkey","PIHANS 96, 2002.pdf  144     ;8\nLETTERS FROM AUR-NADA\nfrom the second\npa..."
"Larsen 2002 - The Aššur-nada Archive. PIHANS 96, 2002.pdf",142,b96f7f2a-cf5a-462c-91c4-c6d7b7dbc9d7,0.264657497719227,"owed by\nme.\nThe copies concerning\n25\nSalim béli's\nearlier caravan are not here;\nguard the tablet with my instructions!\n45 kutânu-textiles\n(and) 25 minas of sealed tin,\n30\napart from what\nI gave to him for expenses,\nalim-b611 brought to you earlier.\n72 kutânu-textiles,\n2 of those abarni'u-textiles",144     ;8\nLETTERS FROM AUR-NADA\nfrom the second\npa...
"Larsen 2002 - The Aššur-nada Archive. PIHANS 96, 2002.pdf",177,9ec54fd0-c3a8-6da9-174f-8f9e15062f2d,0.22493239232165307,LETTERS TO A SLUR-NADA\n32;\ntí-ir-ta-kà li-li-kam\nMì-nu-sí-il8-kà\nsa-al (erasure)\nand send me word here.\n20\nAsk Minusilka.\nNotes\n11,Larsen 2002 - The Aššur-nada Archive.
"Larsen 2002 - The Aššur-nada Archive. PIHANS 96, 2002.pdf",177,9ec54fd0-c3a8-6da9-174f-8f9e15062f2d,0.22493239232165307,The form bi-sí is interpreted as a variant of bi-sa-ni found in a few letters. The form may\nperhaps be connected with the verb be'âsum,"PIHANS 96, 2002.pdf  178     130\nLETTERS TO ASSUR-NADÀ\nNotes\nTranslation..."
"Larsen 2002 - The Aššur-nada Archive. PIHANS 96, 2002.pdf",178,6d82fba1-fa64-4644-b2a5-274e586dac84,0.19671991401482586,130\nLETTERS TO ASSUR-NADÀ\nNotes\nTranslation in Michel,Larsen 2002 - The Aššur-nada Archive.
"Larsen 2002 - The Aššur-nada Archive. PIHANS 96, 2002.pdf",200,46fbd1c7-8eaa-7462-a983-ef925bfb71c4,0.2638745071700615,"152\nLETTERS TO ASSUR-NADA\nNotes\n32:""the word parsum cannot be translated in such contexts with any confidence. Discussion in\nMüller 2000",Larsen 2002 - The Aššur-nada Archive.
"Larsen 2002 - The Aššur-nada Archive. PIHANS 96, 2002.pdf",201,2662f6f7-f5cd-b855-84aa-64c03ccae277,0.251016280364712,brought them a shipment of tin plus the 4 textiles used for wrapping,Larsen 2002 - The Aššur-nada Archive.
"Larsen 2002 - The Aššur-nada Archive. PIHANS 96, 2002.pdf",201,2662f6f7-f5cd-b855-84aa-64c03ccae277,0.251016280364712,"this will be sold and silver\nsent to Aššur-nàdà. Kurub-Istar may here be another person of that name rather than identical with\nthe writer of the preceding letters from Assur.\n110. VU""26","PIHANS 96, 2002.pdf  200     152\nLETTERS TO ASSUR-NADA\nNotes\n32:""the wor..."
"Larsen 2002 - The Aššur-nada Archive. PIHANS 96, 2002.pdf",206,80e8c671-0b70-8512-ce33-fa28be2e6dba,0.22043042271300475,158\nLETTERS TO AS UR-NAD.A\na-hu-kà sa-ah-ru-um a-ni-ú-kà\nyour little brother has cheated you!\nNotes\nTranslation in Michel,Larsen 2002 - The Aššur-nada Archive.
"Larsen 2002 - The Aššur-nada Archive. PIHANS 96, 2002.pdf",207,80e8c671-0b70-8512-ce33-fa28be2e6dba,0.19412864477900446,then give me some of\nAlàhum's,"PIHANS 96, 2002.pdf  206     158\nLETTERS TO AS UR-NAD.A\na-hu-kà sa-ah-ru-..."
"Larsen 2008 & Barjamovic,G. - An Old Assyrian Incantation Against the Evil Eye. AoF 35 1, 2008, pp. 144-155.pdf",10,f6605ae0-1ede-476d-be9d-76a3919cfeef,0.3138933075053329,"The absence of any clear archaeological evidence for private religious installations,\nchapels etc. gives special importance to a small text from the Sˇalim-Asˇsˇur archive","Larsen 2008 & Barjamovic,G."
"Larsen 2008 & Barjamovic,G. - An Old Assyrian Incantation Against the Evil Eye. AoF 35 1, 2008, pp. 144-155.pdf",10,f6605ae0-1ede-476d-be9d-76a3919cfeef,0.3138933075053329,1 cup of silver and a perfume-flask that was in\nfront of Ukur. 5 weapons,"AoF 35 1, 2008, pp."
"Larsen 2008 & Barjamovic,G. - An Old Assyrian Incantation Against the Evil Eye. AoF 35 1, 2008, pp. 144-155.pdf",10,f6605ae0-1ede-476d-be9d-76a3919cfeef,0.3138933075053329,2 qablı¯tu-containers,"144-155.pdf  12      Foster,B.,Before the Muses.An Anthology of Akk..."
"Larsen 2008 & Barjamovic,G. - An Old Assyrian Incantation Against the Evil Eye. AoF 35 1, 2008, pp. 144-155.pdf",10,f6605ae0-1ede-476d-be9d-76a3919cfeef,0.3138933075053329,1 “heart” of silver,"12      Foster,B.,Before the Muses.An Anthology of Akk..."
"Larsen 2010 - The Archive of the Šalim-Aššur Family, Vol. 1. The First Two Generations. (A)TK 6-a, TTKY 33d-a, 2010 (preprint).pdf",84,5684cfb1-8047-45db-9cac-69616679f526,0.2963517536944493,its import duty added,The First Two Generations.
"Larsen 2010 - The Archive of the Šalim-Aššur Family, Vol. 1. The First Two Generations. (A)TK 6-a, TTKY 33d-a, 2010 (preprint).pdf",84,5684cfb1-8047-45db-9cac-69616679f526,0.2963517536944493,its trans-\nport tariff paid for,"(A)TK 6-a, TTKY 33d-a, 2010 (preprint).pdf  85      Issu-arik\n77\nmer’atka, “your daughter” is te..."
"Larsen 2010 - The Archive of the Šalim-Aššur Family, Vol. 1. The First Two Generations. (A)TK 6-a, TTKY 33d-a, 2010 (preprint).pdf",85,c5bc2496-4f85-4dab-a521-7ed5db77cdbd,0.5267201706757914,Issu-arik\n77\nmer’atka,"Larsen 2010 - The Archive of the Šalim-Aššur Family, Vol."
"Larsen 2010 - The Archive of the Šalim-Aššur Family, Vol. 1. The First Two Generations. (A)TK 6-a, TTKY 33d-a, 2010 (preprint).pdf",85,c5bc2496-4f85-4dab-a521-7ed5db77cdbd,0.5267201706757914,$u-ma\n%í-ib-tá[m i-]%é-er [(...)]\n\n°tám-¿[kà]-ri-kà il5-qé [$í-ma-am]\n°a-ma¿-lá #up-pì-im °$a¿ [\nDu-du lu-ba-°li-¿[#a-kum]\n\n3 1/2 GÍN KÙ.GI $a áb-[nim]\nku-nu-ki-a $é-bu-ul-[tám]\nDu-du na-á$-a-kum\n\n2 1/2 GÍN KÙ.GI A-ni-[\n\n5\n\n10\n\n15\n\ne.\n\nrev\n\n20\n\n25\n\n30\n\nTo Issu-arik from §alim-A$$ur:\n\nI made our guest Amuraya and our sis-\nter,"(A)TK 6-a, TTKY 33d-a, 2010 (preprint).pdf  84      Issu-arik\n76\nKB %a-ru-pá-am ni-is-ha-/sú\n\n..."
"Larsen 2010 - The Archive of the Šalim-Aššur Family, Vol. 1. The First Two Generations. (A)TK 6-a, TTKY 33d-a, 2010 (preprint).pdf",112,2b5b13f1-3c54-4376-bc8d-eba69841918c,0.29191515119349765,104\nIddin-abum\n$u-mì DAM.GAR-ri-[im]\n2 ma-na KÙ.GI\ni-lá-pá-at\nIGI La-qé-p[í-im]\nIGI La-qé-ep\nDUMU d[EN.LÍL-ba-ni]\n\ne.\n\nr.\n10\nof a merchant in the City.\n\nWitnessed by Lª-q®pum,"Larsen 2010 - The Archive of the Šalim-Aššur Family, Vol."
"Larsen 2010 - The Archive of the Šalim-Aššur Family, Vol. 1. The First Two Generations. (A)TK 6-a, TTKY 33d-a, 2010 (preprint).pdf",112,2b5b13f1-3c54-4376-bc8d-eba69841918c,0.29191515119349765,by Lª-q®p son of\nIllil-bªni.\n\nNotes:\nl. 10-11,The First Two Generations.
"Larsen 2010 - The Archive of the Šalim-Aššur Family, Vol. 1. The First Two Generations. (A)TK 6-a, TTKY 33d-a, 2010 (preprint).pdf",112,2b5b13f1-3c54-4376-bc8d-eba69841918c,0.29191515119349765,the father’s name restored on the basis of several references in the 94 archive. No\nother patronymic beginning with a DINGIR sign are known.\n\nComment:\nAnother one of the joint-stock loans extended to Iddin-abum.\n\n28. kt 94/k 1025A\n\nKI§IB A-$ur-e-mu-qí\nKI§IB En-nam-A-$ùr DUMU Me-na-a\nKI§IB I-dí-a-bi-im\n$a hu-bu-ul I-dí-a-°bi4-im¿\n13 1/3 ma-na KB\n%a-ru-pu<-um> u4-mu-$u\nma-al-ú\n$a A-mur-I$tar\n\n5\n\nr.\nSeal of A$$ur-em¥q‰,"(A)TK 6-a, TTKY 33d-a, 2010 (preprint).pdf  114     106\nIddin-abum\nKB %a-ru-pá-am\ni-%é-er I-dí-..."
"Larsen 2010 - The Archive of the Šalim-Aššur Family, Vol. 1. The First Two Generations. (A)TK 6-a, TTKY 33d-a, 2010 (preprint).pdf",114,803449c3-3581-4dbc-b973-a2a65254b224,0.2999276173294897,106\nIddin-abum\nKB %a-ru-pá-am\ni-%é-er I-dí-a-bi4-im\nA-$ur-ma-lik i-$u\na-na a-lá-ak\n§u-dEN.LÍL\ni-$a-qal\n$u-ma lá i$-qú-ul\n1 ½ GÍN TA\ni-na ITI.KAM\na-na ma-na-im ú-%a-/áb\nIGI A-$ur-e-mu-qí\nIGI En-nam-A-$ur\nDUMU Me-na-a\n\n5\n\ne.\nr.\n\n10\n\ne.\nrefined silver to A$$ur-malik.\n\nHe is to pay before §u-Illil arrives.\n\nIf he has not paid (in time),"Larsen 2010 - The Archive of the Šalim-Aššur Family, Vol."
"Larsen 2010 - The Archive of the Šalim-Aššur Family, Vol. 1. The First Two Generations. (A)TK 6-a, TTKY 33d-a, 2010 (preprint).pdf",114,803449c3-3581-4dbc-b973-a2a65254b224,0.2999276173294897,he will add\ninterest at the rate 1 ½ shekel per month\nper mina.\n\nWitnessed by A$$ur-em¥q‰,The First Two Generations.
"Larsen 2010 - The Archive of the Šalim-Aššur Family, Vol. 1. The First Two Generations. (A)TK 6-a, TTKY 33d-a, 2010 (preprint).pdf",114,803449c3-3581-4dbc-b973-a2a65254b224,0.2999276173294897,by Ennam-\nA$$ur son of Menaya.\n\nComment:\nSimple debt-note.\n\n32. kt 94/k 1033A\n\nKI§IB A-[mur-]I$tar DUM[U Mì-]°$ar¿-\nGAL\nKI§IB La-qé-ep [DUMU Kà-a]-tim\nKI§IB I-dí-a-bi-im °DUMU¿ °I¿-sú-\nSUDx\n$a hu-bu-ul\nI-dí-a-bi-im\n5 ma-na KB\n%a-ru-pá-am i-%é-er\nI-dí-a-bi-im A-$ur-/dUTU-$i i-$u\n°i$-tù¿ ha-mu-u$-tim\n$a °A-mur-I$tar¿ a-na 23\nha-am-$a-tim\ni-$a-qál,"(A)TK 6-a, TTKY 33d-a, 2010 (preprint).pdf  116     108\nIddin-abum\nimitt‰ in KEL 80 (OAAS 2:"
"Larsen 2010 - The Archive of the Šalim-Aššur Family, Vol. 1. The First Two Generations. (A)TK 6-a, TTKY 33d-a, 2010 (preprint).pdf",124,46417fef-8c27-4092-a5a6-b3dec29c34f2,0.2048543165899135,116\nIddin-abum’s death\nNotes:\nl. 5-6,"Larsen 2010 - The Archive of the Šalim-Aššur Family, Vol."
"Larsen 2010 - The Archive of the Šalim-Aššur Family, Vol. 1. The First Two Generations. (A)TK 6-a, TTKY 33d-a, 2010 (preprint).pdf",124,46417fef-8c27-4092-a5a6-b3dec29c34f2,0.2048543165899135,it is not entirely clear who these men were,The First Two Generations.
"Larsen 2010 - The Archive of the Šalim-Aššur Family, Vol. 1. The First Two Generations. (A)TK 6-a, TTKY 33d-a, 2010 (preprint).pdf",124,46417fef-8c27-4092-a5a6-b3dec29c34f2,0.2048543165899135,the word wardum can of course refer to a\nslave,"(A)TK 6-a, TTKY 33d-a, 2010 (preprint).pdf  125     Iddin-abum’s death\n117\n\n[É] A-$ùr-be-el-a-w..."
"Larsen 2010 - The Archive of the Šalim-Aššur Family, Vol. 1. The First Two Generations. (A)TK 6-a, TTKY 33d-a, 2010 (preprint).pdf",125,a1d5e380-fbb9-4151-b577-fe7938f9fc99,0.5094832709207255,Iddin-abum’s death\n117\n\n[É] A-$ùr-be-el-a-wa-tim wa-á$-bu\n$a ki-ma Ili5-ba-ni °ÌR¿\nù DAM.GAR-ru-$u,"Larsen 2010 - The Archive of the Šalim-Aššur Family, Vol."
"Larsen 2010 - The Archive of the Šalim-Aššur Family, Vol. 1. The First Two Generations. (A)TK 6-a, TTKY 33d-a, 2010 (preprint).pdf",125,a1d5e380-fbb9-4151-b577-fe7938f9fc99,0.5094832709207255,e-ru-bu-ma\num-ma $a ki-ma Ili5-ba-ni-ma\nni-kà-sí,The First Two Generations.
"Larsen 2010 - The Archive of the Šalim-Aššur Family, Vol. 1. The First Two Generations. (A)TK 6-a, TTKY 33d-a, 2010 (preprint).pdf",125,a1d5e380-fbb9-4151-b577-fe7938f9fc99,0.5094832709207255,$í-sí\num-ma I-dí-a-bu-um-ma\n#up-pí-ku-nu,it is...
"Larsen 2010 - The Archive of the Šalim-Aššur Family, Vol. 1. The First Two Generations. (A)TK 6-a, TTKY 33d-a, 2010 (preprint).pdf",128,b7d8d32f-5d79-42be-8369-5598650c20f9,0.5424996803629633,§u-K¥bum son of A$$ur-\nb®l-awªtim has taken §alim-A$$ur’s share\nto cover Iddin-abum’s debt,The First Two Generations.
"Larsen 2010 - The Archive of the Šalim-Aššur Family, Vol. 1. The First Two Generations. (A)TK 6-a, TTKY 33d-a, 2010 (preprint).pdf",128,b7d8d32f-5d79-42be-8369-5598650c20f9,0.5424996803629633,and he has\nreleased the houses,"(A)TK 6-a, TTKY 33d-a, 2010 (preprint).pdf  130     122\nIddin-abum’s death\na-na hu-bu-ul I-dí-a-..."
"Larsen 2010 - The Archive of the Šalim-Aššur Family, Vol. 1. The First Two Generations. (A)TK 6-a, TTKY 33d-a, 2010 (preprint).pdf",130,76214fc1-7b69-4668-98fd-201fb9fe8f8e,0.5726815194596647,by\nAmurrum-bªni son of Manana,"(A)TK 6-a, TTKY 33d-a, 2010 (preprint).pdf  131     Iddin-abum’s death\n123\n\nComment:\nThe origi..."
"Larsen 2010 - The Archive of the Šalim-Aššur Family, Vol. 1. The First Two Generations. (A)TK 6-a, TTKY 33d-a, 2010 (preprint).pdf",131,990e7b01-98b1-4cb2-8821-d024f5bc4588,0.3457857386916552,Iddin-abum’s death\n123\n\nComment:\nThe original tablet in an unopened envelope. Four seals,"Larsen 2010 - The Archive of the Šalim-Aššur Family, Vol."
"Larsen 2010 - The Archive of the Šalim-Aššur Family, Vol. 1. The First Two Generations. (A)TK 6-a, TTKY 33d-a, 2010 (preprint).pdf",131,990e7b01-98b1-4cb2-8821-d024f5bc4588,0.3457857386916552,seal A is the Amurrum-bªni seal\n(Teissier 585),The First Two Generations.
"Larsen 2010 - The Archive of the Šalim-Aššur Family, Vol. 1. The First Two Generations. (A)TK 6-a, TTKY 33d-a, 2010 (preprint).pdf",131,990e7b01-98b1-4cb2-8821-d024f5bc4588,0.3457857386916552,dI-bí-dEN.ZU / LUGAL KALAG.GA / LUGAL §E§.AB.KI.MA,"(A)TK 6-a, TTKY 33d-a, 2010 (preprint).pdf  132     124\nIddin-abum’s death\nam-tám :"
"Larsen 2010 - The Archive of the Šalim-Aššur Family, Vol. 1. The First Two Generations. (A)TK 6-a, TTKY 33d-a, 2010 (preprint).pdf",132,26f6b7ad-6ef2-4fed-91ec-a35c348823d9,0.5083027801139463,124\nIddin-abum’s death\nam-tám,"Larsen 2010 - The Archive of the Šalim-Aššur Family, Vol."
"Larsen 2010 - The Archive of the Šalim-Aššur Family, Vol. 1. The First Two Generations. (A)TK 6-a, TTKY 33d-a, 2010 (preprint).pdf",132,26f6b7ad-6ef2-4fed-91ec-a35c348823d9,0.5083027801139463,A-lá-hu-um\n\nDUMU I-dí-Sú-en Li-ba-a\n\nDUMU Ú-zu-a ù §u-Be-lúm\n\nDUMU §ál-ma-A-$ur i$-qúl-ma\nÉ-tí,"(A)TK 6-a, TTKY 33d-a, 2010 (preprint).pdf  131     Iddin-abum’s death\n123\n\nComment:\nThe origi..."
"Larsen 2010 - The Archive of the Šalim-Aššur Family, Vol. 1. The First Two Generations. (A)TK 6-a, TTKY 33d-a, 2010 (preprint).pdf",151,5d7e30a7-5d51-4ca5-bced-677f1391e719,0.5590171621345316,Iddin-abum’s death\n143\n\n[§]a-lim-A-$ùr-ma a-na #up-pì-/°im¿\n[$]a A-limki $a ra-bi4-%ú-/um\n[ub-l]á-ni ù $í-ma-tim\n[m]ì-ma ta-tù-ra-nim\n$a 7 um-me-a-nu a-wa-tí-ni\nig-mu-ru-ni um-ma me-er-/ú\nI-dí-a-bi4-im-ma (erasure)\n$a-lá-á$-tù-ma $u-nu\na-na mì-ma $u-um-$u\nlá ni-tù-ra-kum\num-ma §u-Be-lúm-ma\na-na lu-qú-tim $a\nÉ A-$ùr-be-el-a-wa-tim\na-na-ku,"Larsen 2010 - The Archive of the Šalim-Aššur Family, Vol."
"Larsen 2010 - The Archive of the Šalim-Aššur Family, Vol. 1. The First Two Generations. (A)TK 6-a, TTKY 33d-a, 2010 (preprint).pdf",151,5d7e30a7-5d51-4ca5-bced-677f1391e719,0.5590171621345316,ZU [x x x]\na-he-e-a KB ù [%í-ba-sú]\ntù-ma-li um-ma [§a-lim-A-$]ur-ma\ndí-ik-ma-am ù nu-ra-am\nú-ma-li IGI Puzur4-SA.TU\nIGI EN.LÍL-ba-ni\nIGI A-$ùr-GAL a-na a-wa-tim\n[a-]ni-a-tim kà-ru-um\nKà-ni-i$\n[i-dí-]ni-[a-tí-ma $í-bu-tí-ni]\n°ni-dí-in¿\n\n5\n\n10\n\n15 e.\nr.\n\n20\n\n25\n\n30\n\nl.e.\n“Do you contest the tablet from the City\nassembly that the attorney brought\nas well as the testament according to\nwhich 7 investors concluded our case?”\n\nIddin-abum’s sons answered,"(A)TK 6-a, TTKY 33d-a, 2010 (preprint).pdf  153     Iddin-abum’s death\n145\n\n72."
"Larsen 2010 - The Archive of the Šalim-Aššur Family, Vol. 1. The First Two Generations. (A)TK 6-a, TTKY 33d-a, 2010 (preprint).pdf",162,64f3382c-cb81-41af-99c9-36854585b747,0.3815990794444409,154\nIddin-abum’s death\n$u-ma lá ta-li-kam 4 GÚ AN.NA\nù me-at ku-ta-nu i-%é-ri-kà i-lá-qé-ú\n#up-pu $u-a-ú-tum,"Larsen 2010 - The Archive of the Šalim-Aššur Family, Vol."
"Larsen 2010 - The Archive of the Šalim-Aššur Family, Vol. 1. The First Two Generations. (A)TK 6-a, TTKY 33d-a, 2010 (preprint).pdf",162,64f3382c-cb81-41af-99c9-36854585b747,0.3815990794444409,$a $í-bi4-$u,The First Two Generations.
"Larsen 2010 - The Archive of the Šalim-Aššur Family, Vol. 1. The First Two Generations. (A)TK 6-a, TTKY 33d-a, 2010 (preprint).pdf",162,64f3382c-cb81-41af-99c9-36854585b747,0.3815990794444409,IGI\nA-limki\ni-$í-ik-nu-ma,"(A)TK 6-a, TTKY 33d-a, 2010 (preprint).pdf  164     156\nIddin-abum’s death\nNotes:\nl."
"Larsen 2010 - The Archive of the Šalim-Aššur Family, Vol. 1. The First Two Generations. (A)TK 6-a, TTKY 33d-a, 2010 (preprint).pdf",164,7a027ce2-8d28-499a-949c-78d42c4b6db7,0.4086195924400341,156\nIddin-abum’s death\nNotes:\nl. 41,"Larsen 2010 - The Archive of the Šalim-Aššur Family, Vol."
"Larsen 2010 - The Archive of the Šalim-Aššur Family, Vol. 1. The First Two Generations. (A)TK 6-a, TTKY 33d-a, 2010 (preprint).pdf",164,7a027ce2-8d28-499a-949c-78d42c4b6db7,0.4086195924400341,the name is written Kukuziya,The First Two Generations.
"Larsen 2010 - The Archive of the Šalim-Aššur Family, Vol. 1. The First Two Generations. (A)TK 6-a, TTKY 33d-a, 2010 (preprint).pdf",166,359f5a5a-3032-49ff-bed0-81c4d22adbbb,0.44290060319589114,the attorney and §u-B®lum\nswore an oath on the City with §alim-\nA$$ur and their case was concluded,The First Two Generations.
"Larsen 2010 - The Archive of the Šalim-Aššur Family, Vol. 1. The First Two Generations. (A)TK 6-a, TTKY 33d-a, 2010 (preprint).pdf",167,6e1b5cd9-63e6-46f6-814d-d025fdce4dc8,0.41026407617146055,the tin\nand textiles.\n\nA$$ur-taklªku was the attorney.\n\n§u-B®lum,The First Two Generations.
"Larsen 2010 - The Archive of the Šalim-Aššur Family, Vol. 1. The First Two Generations. (A)TK 6-a, TTKY 33d-a, 2010 (preprint).pdf",167,6e1b5cd9-63e6-46f6-814d-d025fdce4dc8,0.41026407617146055,the wife of Issu-arik,"(A)TK 6-a, TTKY 33d-a, 2010 (preprint).pdf  166     158\nIddin-abum’s death\nù DUMU.MÍ I-dí-a-bi-i..."
"Larsen 2010 - The Archive of the Šalim-Aššur Family, Vol. 1. The First Two Generations. (A)TK 6-a, TTKY 33d-a, 2010 (preprint).pdf",190,0126cd13-acf7-4cd5-8373-f1e7b54d824e,0.508977812484951,182\nU$inalam\nOOA 1. No. 104 is apparently a copy of the text in the envelope.\n\n106. kt 94/k 943\n\na-na É §ál-ma-A-$ùr\na-na a-wa-tim,"Larsen 2010 - The Archive of the Šalim-Aššur Family, Vol."
"Larsen 2010 - The Archive of the Šalim-Aššur Family, Vol. 1. The First Two Generations. (A)TK 6-a, TTKY 33d-a, 2010 (preprint).pdf",190,0126cd13-acf7-4cd5-8373-f1e7b54d824e,0.508977812484951,né-ru-ub-/ma\num-ma §ál-ma-A-$ùr-ma\ni-a-tí,The First Two Generations.
"Larsen 2010 - The Archive of the Šalim-Aššur Family, Vol. 1. The First Two Generations. (A)TK 6-a, TTKY 33d-a, 2010 (preprint).pdf",190,0126cd13-acf7-4cd5-8373-f1e7b54d824e,0.508977812484951,a-na Bu-ru!-u$-ha-/dim\ni-na ma-°ak¿-sú-e-im\na-na hu-bu-ul ÌR A-bu-$a-lim\n$a-[q]á-lim,"(A)TK 6-a, TTKY 33d-a, 2010 (preprint).pdf  192     184\nU$inalam\na-na wa-ar-dí-a\ni-tù-ar um-ma ..."
"Larsen 2010 - The Archive of the Šalim-Aššur Family, Vol. 1. The First Two Generations. (A)TK 6-a, TTKY 33d-a, 2010 (preprint).pdf",225,dbdbaeec-329d-4667-8d09-6b5205093ed2,0.2280082327946442,Sadaya’s son\n217\n°6¿ ha-am-$a-tim\ni-$a-qú-lu,"Larsen 2010 - The Archive of the Šalim-Aššur Family, Vol."
"Larsen 2010 - The Archive of the Šalim-Aššur Family, Vol. 1. The First Two Generations. (A)TK 6-a, TTKY 33d-a, 2010 (preprint).pdf",225,dbdbaeec-329d-4667-8d09-6b5205093ed2,0.2280082327946442,$u-ma\nlá i$-qú-lu 1 1/2 GÍN.TA\ni-na ITU.KAM-im\na-na ma-na-im\nú-%ú-bu KB i-na\nqá-qá-ad,The First Two Generations.
"Larsen 2010 - The Archive of the Šalim-Aššur Family, Vol. 1. The First Two Generations. (A)TK 6-a, TTKY 33d-a, 2010 (preprint).pdf",225,dbdbaeec-329d-4667-8d09-6b5205093ed2,0.2280082327946442,$ál-mì-$u-nu\nra-ki-is\n\n15\n\n20\nshekel per month per mina.\n\nThey are jointly responsible for the silver.\n\nNotes:\nl. 12-13,"(A)TK 6-a, TTKY 33d-a, 2010 (preprint).pdf  227     Sadaya’s son\n219\n125."
"Larsen 2010 - The Archive of the Šalim-Aššur Family, Vol. 1. The First Two Generations. (A)TK 6-a, TTKY 33d-a, 2010 (preprint).pdf",225,dbdbaeec-329d-4667-8d09-6b5205093ed2,0.2280082327946442,the week eponym Mannu-k‰-A$$ur is attested alone in year KEL 110,kt 94/k 1444\n\na-na §...
"Larsen 2010 - The Archive of the Šalim-Aššur Family, Vol. 1. The First Two Generations. (A)TK 6-a, TTKY 33d-a, 2010 (preprint).pdf",227,5abd5819-2c99-4881-90b1-cb9759f7623b,0.309067290564587,Sadaya’s son\n219\n125. kt 94/k 1444\n\na-na §a-lim-A-$ùr qí-bi-m[a um-ma]\nI-dí-a-bu-um I-tur4-DINGIR °x¿ [...]\nE-na-ah-DINGIR ù En-na[m-A-$ur-ma]\na-na É bé<-tí>-kà né-ru-ub-m[a]\n#up-pé-kà ni-ip-té-ma #u[p-pá-am]\n$a hu-°bu¿-ul Ú-%ú-ur-$a-[A-$ur]\nDUMU A-$ur-ma-lik ù A-$ur-DÙG\n\nDUMU [Sá-da-a]\nnu-$é-li-ma a-na A-bu-[a ni-ip-qí-id]\na-ma,"Larsen 2010 - The Archive of the Šalim-Aššur Family, Vol."
"Larsen 2010 - The Archive of the Šalim-Aššur Family, Vol. 1. The First Two Generations. (A)TK 6-a, TTKY 33d-a, 2010 (preprint).pdf",227,5abd5819-2c99-4881-90b1-cb9759f7623b,0.309067290564587,me-he-er-$u,The First Two Generations.
"Larsen 2010 - The Archive of the Šalim-Aššur Family, Vol. 1. The First Two Generations. (A)TK 6-a, TTKY 33d-a, 2010 (preprint).pdf",227,5abd5819-2c99-4881-90b1-cb9759f7623b,0.309067290564587,$í-ta-me KI[§IB]\nPuzur4-Tí-a-am-tim KI§IB A-[$ur-i-mì-tí]\nDUMU E-ta-a KI§IB Ú-%ú-ur-$a-°A-$ur¿\nKI§IB A-da-da DUB.SAR KI§IB\n\nA-$ur-[DÙG]\n$a 4 ma-na KB %a-ru-pá-am [i-%é-er]\nÚ-%ú-ur-$a-A-$ùr ù A-$ùr-°DÙG¿\n\n[§a-lim-A-$ur]\ni-$u-ú i$-tù ha-mu$-t[im $a Ma-nu-ki-A-$ur]\nù I-ku-nim a-na 6 ha-am-[$a-tim]\ni-$a-qú-lu $u-ma la i$-q[ú-lu 1 1/2 GÍN]\ni-na ITI.1.KAM-im a-na 1 ma-[na-im\n\nú-%ú-bu]\nKB i-na qá-qá-ad $ál-mì-[$u-nu ra-ki-is]\nú na-á$-pé-ra-tim [x x] °x¿-tim [...]\n$í-ta-me-ma,"(A)TK 6-a, TTKY 33d-a, 2010 (preprint).pdf  228     220\nSadaya’s son\nù A-$ùr-DÙG tí-$u [x x] ú-l..."
"Larsen 2010 - The Archive of the Šalim-Aššur Family, Vol. 1. The First Two Generations. (A)TK 6-a, TTKY 33d-a, 2010 (preprint).pdf",228,5abd5819-2c99-4881-90b1-cb9759f7623b,0.2653116295928202,220\nSadaya’s son\nù A-$ùr-DÙG tí-$u [x x] ú-la °$í-bi¿\n$u-nu i$-ku-nu-ni [$í-be] °$a¿ hu-bu-[ul]\nA-$ur-i-dí NI,"Larsen 2010 - The Archive of the Šalim-Aššur Family, Vol."
"Larsen 2010 - The Archive of the Šalim-Aššur Family, Vol. 1. The First Two Generations. (A)TK 6-a, TTKY 33d-a, 2010 (preprint).pdf",228,5abd5819-2c99-4881-90b1-cb9759f7623b,0.2653116295928202,$u-°mì-¿[$u-n]u i-na\ntí-ir-[tí-kà]\nú-dí-a-[ma] lu ni-[x-]°x¿,The First Two Generations.
"Larsen 2010 - The Archive of the Šalim-Aššur Family, Vol. 1. The First Two Generations. (A)TK 6-a, TTKY 33d-a, 2010 (preprint).pdf",238,5a00715b-aad3-4c39-a0ae-0e5d919001ef,0.18834046068713392,the shares that accrued to us on the\nlapis lazuli.\n\nTo A$$ur-imitt‰,The First Two Generations.
"Larsen 2010 - The Archive of the Šalim-Aššur Family, Vol. 1. The First Two Generations. (A)TK 6-a, TTKY 33d-a, 2010 (preprint).pdf",238,5a00715b-aad3-4c39-a0ae-0e5d919001ef,0.18834046068713392,As to the goods you sent\nup with £ªb-p‰-Anum in §u-N¥nu’s cara-\nvan,"(A)TK 6-a, TTKY 33d-a, 2010 (preprint).pdf  239     §alim-A$$ur’s correspondence\n231\na-na Ku-zi-..."
"Larsen 2010 - The Archive of the Šalim-Aššur Family, Vol. 1. The First Two Generations. (A)TK 6-a, TTKY 33d-a, 2010 (preprint).pdf",239,2fb6d4d5-be7b-4f6b-82ad-602667eadfba,0.46672362914837906,“The\ntextiles that are deposited in Haraba,"(A)TK 6-a, TTKY 33d-a, 2010 (preprint).pdf  240     232\n§alim-A$$ur’s correspondence\n3 GÚ URUDU ..."
"Larsen 2010 - The Archive of the Šalim-Aššur Family, Vol. 1. The First Two Generations. (A)TK 6-a, TTKY 33d-a, 2010 (preprint).pdf",240,2fb6d4d5-be7b-4f6b-82ad-602667eadfba,0.20747575826810963,he pays interest at the\nrate 1 1/2 minas per month per talent.\n2 minas of silver owed by Kim-A$$ur.\n16 1/2 shekels of gold for night quarters(?)\nis available.\n2/3 mina owed by Amurrum-bªni.\n2/3 mina 5 shekels of silver,"(A)TK 6-a, TTKY 33d-a, 2010 (preprint).pdf  239     §alim-A$$ur’s correspondence\n231\na-na Ku-zi-..."
"Larsen 2010 - The Archive of the Šalim-Aššur Family, Vol. 1. The First Two Generations. (A)TK 6-a, TTKY 33d-a, 2010 (preprint).pdf",257,2d7bfa34-a636-4aba-9b1b-3d4b35e31a12,0.4884554467504601,§alim-A$$ur’s correspondence\n249\nqá-tí dí-na i$-té-ni-i$\nKB $é-bi-lá-nim 1 ma-na KB\nù 40 na-ru-uq ú-#ù-tù-um\n%í-ib-tám $a °MU¿.2.§È\ni-pá-ni a-wa-%a-i-[a] i-na li-bi4-ku-[nu]\na-dí i$-tí §u-pu-na-ah-$u\nDUMU U$-ha-ta ù 80 na-ru-uq 2! DUG!\n%í-ib-tum $a MU.4.§È\ntal-qé-a ù $í-a-tí ú-#á-ta-am\na-na $í-mì-im dí-na-ma a-li-bi4\nKB $a Tù-um-li-a-i-im\nid-a,"Larsen 2010 - The Archive of the Šalim-Aššur Family, Vol."
"Larsen 2010 - The Archive of the Šalim-Aššur Family, Vol. 1. The First Two Generations. (A)TK 6-a, TTKY 33d-a, 2010 (preprint).pdf",257,2d7bfa34-a636-4aba-9b1b-3d4b35e31a12,0.4884554467504601,lá\n\nr.\n\n30\n\n35\n\n40\n\n45\n\n50\n\n55 e.\n\nl.e.\n\n1 mina of silver and 40 sacks of grain,"(A)TK 6-a, TTKY 33d-a, 2010 (preprint).pdf  259     §alim-A$$ur’s correspondence\n251\nù A-mur-I$t..."
"Larsen 2010 - The Archive of the Šalim-Aššur Family, Vol. 1. The First Two Generations. (A)TK 6-a, TTKY 33d-a, 2010 (preprint).pdf",259,aae492c0-7431-42ff-93da-6923e8246714,0.5112121279697587,check my certified\ntablets and reach an agreement where pos-\nsible with those of my customers you see.\nSet terms where you are able to,The First Two Generations.
"Larsen 2010 - The Archive of the Šalim-Aššur Family, Vol. 1. The First Two Generations. (A)TK 6-a, TTKY 33d-a, 2010 (preprint).pdf",259,aae492c0-7431-42ff-93da-6923e8246714,0.5112121279697587,so you\nproduce my silver for me. Set aside your\nown needs for just one or two days and\nclear my outstanding loans.\n\n8 minas of silver owed by the man from\nTumliya - at the rate 2 minas in silver and\n80 sacks of grain,"(A)TK 6-a, TTKY 33d-a, 2010 (preprint).pdf  261     §alim-A$$ur’s correspondence\n253\n\n°a?¿[-bar..."
"Larsen 2010 - The Archive of the Šalim-Aššur Family, Vol. 1. The First Two Generations. (A)TK 6-a, TTKY 33d-a, 2010 (preprint).pdf",261,11664174-0d50-4c2c-ba9c-c0799362648b,0.4568572067276857,apart from those be-\nlonging to the harnessors;\n\n20 talents of sealed tin and 5 minas each of\nextras,The First Two Generations.
"Larsen 2010 - The Archive of the Šalim-Aššur Family, Vol. 1. The First Two Generations. (A)TK 6-a, TTKY 33d-a, 2010 (preprint).pdf",261,11664174-0d50-4c2c-ba9c-c0799362648b,0.4568572067276857,together with the expense tin;\n\n34 black donkeys and their harness,"(A)TK 6-a, TTKY 33d-a, 2010 (preprint).pdf  263     §alim-A$$ur’s correspondence\n255\n144."
"Larsen 2010 - The Archive of the Šalim-Aššur Family, Vol. 1. The First Two Generations. (A)TK 6-a, TTKY 33d-a, 2010 (preprint).pdf",261,11664174-0d50-4c2c-ba9c-c0799362648b,0.4568572067276857,2 tex-\ntiles of the sa’utum,kt 94/...
"Larsen 2010 - The Archive of the Šalim-Aššur Family, Vol. 1. The First Two Generations. (A)TK 6-a, TTKY 33d-a, 2010 (preprint).pdf",262,11664174-0d50-4c2c-ba9c-c0799362648b,0.23445556943121904,the ends of the lines have been moved up one line because it seems clear that a fragment\nof the tablet has been glued on incorrectly,"(A)TK 6-a, TTKY 33d-a, 2010 (preprint).pdf  263     §alim-A$$ur’s correspondence\n255\n144."
"Larsen 2010 - The Archive of the Šalim-Aššur Family, Vol. 1. The First Two Generations. (A)TK 6-a, TTKY 33d-a, 2010 (preprint).pdf",263,19eba8f0-e5cb-4ccd-b9f0-386ca003953e,0.5594799462761583,§®p-I$tar\nand A$$ur-kª$id:\n603 kutªnu-textiles,The First Two Generations.
"Larsen 2010 - The Archive of the Šalim-Aššur Family, Vol. 1. The First Two Generations. (A)TK 6-a, TTKY 33d-a, 2010 (preprint).pdf",263,19eba8f0-e5cb-4ccd-b9f0-386ca003953e,0.5594799462761583,thereof 100 kutªnus of\nsecondary quality,"(A)TK 6-a, TTKY 33d-a, 2010 (preprint).pdf  264     256\n§alim-A$$ur’s correspondence\nwa-at-ra-tu..."
"Larsen 2010 - The Archive of the Šalim-Aššur Family, Vol. 1. The First Two Generations. (A)TK 6-a, TTKY 33d-a, 2010 (preprint).pdf",264,19eba8f0-e5cb-4ccd-b9f0-386ca003953e,0.44653304910441627,3 textiles\nbelonging to A$$ur-kª$id,The First Two Generations.
"Larsen 2010 - The Archive of the Šalim-Aššur Family, Vol. 1. The First Two Generations. (A)TK 6-a, TTKY 33d-a, 2010 (preprint).pdf",264,19eba8f0-e5cb-4ccd-b9f0-386ca003953e,0.44653304910441627,3 textiles belong-\ning to §u-N¥nu,"(A)TK 6-a, TTKY 33d-a, 2010 (preprint).pdf  263     §alim-A$$ur’s correspondence\n255\n144."
"Larsen 2010 - The Archive of the Šalim-Aššur Family, Vol. 1. The First Two Generations. (A)TK 6-a, TTKY 33d-a, 2010 (preprint).pdf",264,19eba8f0-e5cb-4ccd-b9f0-386ca003953e,0.44653304910441627,2 textiles belonging to\nAdada,kt 94/...
"Larsen 2010 - The Archive of the Šalim-Aššur Family, Vol. 1. The First Two Generations. (A)TK 6-a, TTKY 33d-a, 2010 (preprint).pdf",271,e4de29e1-f409-435e-bfa5-4dea904b7f67,0.30170888091956627,§alim-A$$ur’s correspondence\n263\ni-na dUTU-$i (erasure)\n#up-pí,"Larsen 2010 - The Archive of the Šalim-Aššur Family, Vol."
"Larsen 2010 - The Archive of the Šalim-Aššur Family, Vol. 1. The First Two Generations. (A)TK 6-a, TTKY 33d-a, 2010 (preprint).pdf",271,e4de29e1-f409-435e-bfa5-4dea904b7f67,0.30170888091956627,and he should bring every\nmina of silver that is at my disposal.\n\nThe textiles that Ali-ahum transported\nfrom the smuggling must remain under seal.\n\nComment:\nLetter written from Tegarama,"(A)TK 6-a, TTKY 33d-a, 2010 (preprint).pdf  273     §alim-A$$ur’s correspondence\n265\n151."
"Larsen 2010 - The Archive of the Šalim-Aššur Family, Vol. 1. The First Two Generations. (A)TK 6-a, TTKY 33d-a, 2010 (preprint).pdf",273,507d179f-f4eb-40c6-8781-4ccb2050cad3,0.4223671609048386,§alim-A$$ur’s correspondence\n265\n151. kt 94/k 833\n\nu[m-ma] §a-lim-A-$ùr-ma a-na\nA-$ùr-i$-tí-kál En-na-nim\nEn-um-A-$ùr DUMU Ú-zu-a\nù En-um-A-$ùr qí-bi-ma\ni-nu-mì 17 GÍN.TA i-zi-zu\n15 GÍN.TA a-na-ku á$-a-am\n[AN].NA za-ku,"Larsen 2010 - The Archive of the Šalim-Aššur Family, Vol."
"Larsen 2010 - The Archive of the Šalim-Aššur Family, Vol. 1. The First Two Generations. (A)TK 6-a, TTKY 33d-a, 2010 (preprint).pdf",273,507d179f-f4eb-40c6-8781-4ccb2050cad3,0.4223671609048386,er-sú-a-at a-h[u]-°a¿ / a-tù-nu\nih-da-ma ha-ra-nam a-na\n%ú-ha-ri-im dí-na-ma ù i-a-°tí¿\nha-ra-nam dí-na-nim\n1 li-im 8 me-at 50 URUDU\ni$-tí ma-ar §a-té-a,"(A)TK 6-a, TTKY 33d-a, 2010 (preprint).pdf  274     266\n§alim-A$$ur’s correspondence\ná$-lá-ki-im..."
"Larsen 2010 - The Archive of the Šalim-Aššur Family, Vol. 1. The First Two Generations. (A)TK 6-a, TTKY 33d-a, 2010 (preprint).pdf",274,507d179f-f4eb-40c6-8781-4ccb2050cad3,0.33629203767221516,266\n§alim-A$$ur’s correspondence\ná$-lá-ki-im $a ru-ba-im 1 ma-na KB\nKI §u-Sú-in DUMU A-ku-za-a\n44 1/2 ma-na URUDU KI Tù-i-mì-im\n[x+] 25 ma-na URUDU ù 5 hi-dim\nKÙ.[KI]\n[KI] IR $a Áp-da-gi 50 ma-na\n[UR]UDU KI um-mì-$u $a\nHa-at-ra-na-/ni\n1 AN§E a-na $í-mì-im a-dí-$u-um\nù 2 ku-ta-né-en a-na er-°bi4-im¿\na-$í-$u-um,"Larsen 2010 - The Archive of the Šalim-Aššur Family, Vol."
"Larsen 2010 - The Archive of the Šalim-Aššur Family, Vol. 1. The First Two Generations. (A)TK 6-a, TTKY 33d-a, 2010 (preprint).pdf",274,507d179f-f4eb-40c6-8781-4ccb2050cad3,0.33629203767221516,KI Hi-ir-du [...]\nEn-um-A-$ùr li-hi-id-ma\nKB $a Hi-ir-du,The First Two Generations.
"Larsen 2010 - The Archive of the Šalim-Aššur Family, Vol. 1. The First Two Generations. (A)TK 6-a, TTKY 33d-a, 2010 (preprint).pdf",274,507d179f-f4eb-40c6-8781-4ccb2050cad3,0.33629203767221516,lu-$é-%í-a-am\nù a-tù-nu AN.NA ù TÚG.HI.A\n[$a l]á-qá-im le-qé-a-ma KB\n[me-eh]-ra-tim id-a-ma A-lu-wa\n[i$-tí-$u-n]u,"(A)TK 6-a, TTKY 33d-a, 2010 (preprint).pdf  273     §alim-A$$ur’s correspondence\n265\n151."
"Larsen 2010 - The Archive of the Šalim-Aššur Family, Vol. 1. The First Two Generations. (A)TK 6-a, TTKY 33d-a, 2010 (preprint).pdf",296,6443bc8f-a0c8-4626-af75-b83c65364f05,0.5811145723887265,they should not formally\nstate (it) there (...)\nthey should come.\nThey should clear the matter here and\nthen take your silver where it appears.\n\nNotes:\nl. 9,The First Two Generations.
"Larsen 2010 - The Archive of the Šalim-Aššur Family, Vol. 1. The First Two Generations. (A)TK 6-a, TTKY 33d-a, 2010 (preprint).pdf",296,6443bc8f-a0c8-4626-af75-b83c65364f05,0.5811145723887265,the exact meaning of the verb maqªtum in this context is unclear to me. It clearly de-\nnotes a kind of obligation,"(A)TK 6-a, TTKY 33d-a, 2010 (preprint).pdf  298     290\n§alim-A$$ur’s correspondence\n[...] ri °x..."
"Larsen 2010 - The Archive of the Šalim-Aššur Family, Vol. 1. The First Two Generations. (A)TK 6-a, TTKY 33d-a, 2010 (preprint).pdf",343,980c2758-2a91-4422-9033-16b91ea88a42,0.43022680131425667,its import duty added,The First Two Generations.
"Larsen 2010 - The Archive of the Šalim-Aššur Family, Vol. 1. The First Two Generations. (A)TK 6-a, TTKY 33d-a, 2010 (preprint).pdf",343,980c2758-2a91-4422-9033-16b91ea88a42,0.43022680131425667,its\ntransport tariff paid,"(A)TK 6-a, TTKY 33d-a, 2010 (preprint).pdf  344     336\n§alim-A$$ur varia\n$a ITI.2.KAM ú 6 GÍN m..."
"Larsen 2010 - The Archive of the Šalim-Aššur Family, Vol. 1. The First Two Generations. (A)TK 6-a, TTKY 33d-a, 2010 (preprint).pdf",344,980c2758-2a91-4422-9033-16b91ea88a42,0.31050106418065876,"his guarantor.\n\n§ar-Adad brought my missive about all\nthese matters from Ulama to A$$ur-imitt‰,\nAmurrum-bªni",The First Two Generations.
"Larsen 2010 - The Archive of the Šalim-Aššur Family, Vol. 1. The First Two Generations. (A)TK 6-a, TTKY 33d-a, 2010 (preprint).pdf",344,980c2758-2a91-4422-9033-16b91ea88a42,0.31050106418065876,A$$ur-r®’‰ and Akuwa,"(A)TK 6-a, TTKY 33d-a, 2010 (preprint).pdf  345     §alim-A$$ur varia\n337\nDUMU A-mur-DINGIR ni-i..."
"Larsen 2010 - The Archive of the Šalim-Aššur Family, Vol. 1. The First Two Generations. (A)TK 6-a, TTKY 33d-a, 2010 (preprint).pdf",345,f98df4c2-0e1f-487e-bbbb-e43a454f66ff,0.40012887550689613,§alim-A$$ur varia\n337\nDUMU A-mur-DINGIR ni-ip-qí-id\na-ha-ma 7 ma-na 13 GÍN\nKB %a-ru-pá-am A-$ur-i-mì-tí\n\nDUMU A-mur-DINGIR i-na KB-ap\n§a-lim-A-$ùr il5-qé\nIGI Ú-ra-a IGI Pu-$u-ke-en6\nKB a-ni-a-am ki-ma\n§ál-ma-A-$ùr MAR.TU-ba-ni\nù A-$ùr-SIPA\nip-qí-du\nr.\n\n10’\n\n15’\n\nFurther,"Larsen 2010 - The Archive of the Šalim-Aššur Family, Vol."
"Larsen 2010 - The Archive of the Šalim-Aššur Family, Vol. 1. The First Two Generations. (A)TK 6-a, TTKY 33d-a, 2010 (preprint).pdf",345,f98df4c2-0e1f-487e-bbbb-e43a454f66ff,0.40012887550689613,A$$ur-imitt‰ son of Amur-il‰\nreceived 7 minas 13 shekels of refined\nsilver from §alim-A$$ur’s silver.\n\nWitnessed by Uraya,The First Two Generations.
"Larsen 2010 - The Archive of the Šalim-Aššur Family, Vol. 1. The First Two Generations. (A)TK 6-a, TTKY 33d-a, 2010 (preprint).pdf",345,f98df4c2-0e1f-487e-bbbb-e43a454f66ff,0.40012887550689613,by P¥$u-k®n.\nAmurrum-bªni and A$$ur-r®’‰ entrusted this\nsilver on behalf of §alim-A$$ur.\n\nComment:\nCf. no. 203.\n\n205. kt 94/k 1729\n\n2 ma-na 10 GÍN\nKB $a a-na\n§a-lim-A-$ùr\nha-bu-lá-ni-ni §À.BA\n1/2 ma-na Ú-ra-a\n1/2 ma-na A-mur-I$tar\n1/3! ma-na 8 1/4 °GÍN¿\nA-$ùr-ta-ak-//\nlá-ku DUMU §u-dEN.LÍL\n12 LÁ 1/4 GÍN I-ku-num\n1/2 ma-na\nA-$ùr-ta-ak-/lá-ku\n\n5\n\ne.\n\n10 r.\nConcerning 2 minas 10 shekels of silver that\nwe owed to §alim-A$$ur,"(A)TK 6-a, TTKY 33d-a, 2010 (preprint).pdf  346     338\n§alim-A$$ur varia\nComment:\nA group of p..."
"Larsen 2010 - The Archive of the Šalim-Aššur Family, Vol. 1. The First Two Generations. (A)TK 6-a, TTKY 33d-a, 2010 (preprint).pdf",346,8376cbda-b423-42d4-abb5-188d04896392,0.38799397270448976,the import duty\nfor his tin to the office of the colony.\n\nWitnessed by Ennam-A$$ur son of\nAnninum,The First Two Generations.
"Larsen 2010 - The Archive of the Šalim-Aššur Family, Vol. 1. The First Two Generations. (A)TK 6-a, TTKY 33d-a, 2010 (preprint).pdf",346,8376cbda-b423-42d4-abb5-188d04896392,0.38799397270448976,by Ennam-A$$ur son of Uzuwa.\n\nOf the tin §alim-A$$ur received 2 talents 2\n1/2 minas.\n\nComment:\nAccount of tin received,"(A)TK 6-a, TTKY 33d-a, 2010 (preprint).pdf  345     §alim-A$$ur varia\n337\nDUMU A-mur-DINGIR ni-i..."
"Larsen 2010 - The Archive of the Šalim-Aššur Family, Vol. 1. The First Two Generations. (A)TK 6-a, TTKY 33d-a, 2010 (preprint).pdf",409,56ad650b-a87a-40c2-aa6c-630b4c8dc23c,0.30059414744473983,§alim-A$$ur’s death\n401\n$í-im AN.NA-ki-kà\n2 ma-na 12 1/2 GÍ[N KÙ].B\nku-nu-ki-a §é-ep-I$tar\nú §é-lu-um-ar-dí\n\nna-á$-ú-ni-kum\nù a-ni A-lá-hu-um\ni$-pu-ra-am um-ma\n$u-ut-ma $u-ma,"Larsen 2010 - The Archive of the Šalim-Aššur Family, Vol."
"Larsen 2010 - The Archive of the Šalim-Aššur Family, Vol. 1. The First Two Generations. (A)TK 6-a, TTKY 33d-a, 2010 (preprint).pdf",409,56ad650b-a87a-40c2-aa6c-630b4c8dc23c,0.30059414744473983,2 minas 12 ½\nshekels of silver,"(A)TK 6-a, TTKY 33d-a, 2010 (preprint).pdf  410     402\n§alim-A$$ur’s death\na-bi-ni :"
"Larsen 2010 - The Archive of the Šalim-Aššur Family, Vol. 1. The First Two Generations. (A)TK 6-a, TTKY 33d-a, 2010 (preprint).pdf",409,56ad650b-a87a-40c2-aa6c-630b4c8dc23c,0.30059414744473983,§®p-I$tar and §alim-ward‰\nare bringing that to you under my seal.\n\nAlso,#á-hu-ú\n3...
"Larsen 2010 - The Archive of the Šalim-Aššur Family, Vol. 1. The First Two Generations. (A)TK 6-a, TTKY 33d-a, 2010 (preprint).pdf",410,a2966915-d4f4-4ccc-b4d4-9cf6ba4529df,0.3241168104791302,402\n§alim-A$$ur’s death\na-bi-ni,"Larsen 2010 - The Archive of the Šalim-Aššur Family, Vol."
"Larsen 2010 - The Archive of the Šalim-Aššur Family, Vol. 1. The First Two Generations. (A)TK 6-a, TTKY 33d-a, 2010 (preprint).pdf",410,a2966915-d4f4-4ccc-b4d4-9cf6ba4529df,0.3241168104791302,#á-hu-ú\n3 TÚG.HI.A 38 1/2 ma-na\nURUDU SIG5,The First Two Generations.
"Larsen 2010 - The Archive of the Šalim-Aššur Family, Vol. 1. The First Two Generations. (A)TK 6-a, TTKY 33d-a, 2010 (preprint).pdf",410,a2966915-d4f4-4ccc-b4d4-9cf6ba4529df,0.3241168104791302,$í-im-$u-nu\nA-lá-hu-um a-na\nqá-tí,"(A)TK 6-a, TTKY 33d-a, 2010 (preprint).pdf  411     §alim-A$$ur’s death\n403\nKI§IB Sà-li-a DUMU I..."
"Larsen 2010 - The Archive of the Šalim-Aššur Family, Vol. 1. The First Two Generations. (A)TK 6-a, TTKY 33d-a, 2010 (preprint).pdf",411,a2966915-d4f4-4ccc-b4d4-9cf6ba4529df,0.5180172706950897,by Damiq-p‰-A$$ur,The First Two Generations.
"Larsen 2010 - The Archive of the Šalim-Aššur Family, Vol. 1. The First Two Generations. (A)TK 6-a, TTKY 33d-a, 2010 (preprint).pdf",411,a2966915-d4f4-4ccc-b4d4-9cf6ba4529df,0.5180172706950897,by\nMan-mahir son of Amur-I$tar.\n\nMan-mahir son of Amur-I$tar owes 30 tal-\nents of sahhiru-copper from Durhumit to\n§alim-A$$ur.\n\nOn his arrival at §alatuwar one month\nwill pass,"(A)TK 6-a, TTKY 33d-a, 2010 (preprint).pdf  410     402\n§alim-A$$ur’s death\na-bi-ni :"
"Larsen 2010 - The Archive of the Šalim-Aššur Family, Vol. 1. The First Two Generations. (A)TK 6-a, TTKY 33d-a, 2010 (preprint).pdf",411,a2966915-d4f4-4ccc-b4d4-9cf6ba4529df,0.5180172706950897,and then he will send silver to\nhis representatives,#á-hu-ú\n3...
"Larsen 2010 - The Archive of the Šalim-Aššur Family, Vol. 1. The First Two Generations. (A)TK 6-a, TTKY 33d-a, 2010 (preprint).pdf",438,3ce3d585-4477-4ed0-a321-796ed8d62872,0.549066747384262,for 2 months your father's in-\nvestors\n...\nthe missive ...\n... release ...\n...\nKeep in mind what was sworn by the City\nand the king!\nCome,The First Two Generations.
"Larsen 2010 - The Archive of the Šalim-Aššur Family, Vol. 1. The First Two Generations. (A)TK 6-a, TTKY 33d-a, 2010 (preprint).pdf",438,3ce3d585-4477-4ed0-a321-796ed8d62872,0.549066747384262,show me this very day where they\nkeep your father's copper and silver! I\nshall release it for you. Do not cheat me\nlest I have an extra expense of at least 12\nminas of silver.”\nThis is not a formal lawsuit but a wit-\nnessed statement. The attorney seized us\nand Ennam-A$$ur answered,"(A)TK 6-a, TTKY 33d-a, 2010 (preprint).pdf  439     §alim-A$$ur’s death\n431\nComment:\nIt seems f..."
"Larsen 2010 - The Archive of the Šalim-Aššur Family, Vol. 1. The First Two Generations. (A)TK 6-a, TTKY 33d-a, 2010 (preprint).pdf",439,a7f37b42-909f-40e7-b3b2-c31e386e883c,0.4351975151034308,§alim-A$$ur’s death\n431\nComment:\nIt seems from Ali-ahum’s remarks at the end that it has now been decided that Ababa will\nafter all go to Durhumit,"Larsen 2010 - The Archive of the Šalim-Aššur Family, Vol."
"Larsen 2010 - The Archive of the Šalim-Aššur Family, Vol. 1. The First Two Generations. (A)TK 6-a, TTKY 33d-a, 2010 (preprint).pdf",439,a7f37b42-909f-40e7-b3b2-c31e386e883c,0.4351975151034308,as Ennam-A$$ur has insisted he should,The First Two Generations.
"Larsen 2010 - The Archive of the Šalim-Aššur Family, Vol. 1. The First Two Generations. (A)TK 6-a, TTKY 33d-a, 2010 (preprint).pdf",440,a7f37b42-909f-40e7-b3b2-c31e386e883c,0.40315783543841693,my ex-\npense was 2 talents of copper,"(A)TK 6-a, TTKY 33d-a, 2010 (preprint).pdf  439     §alim-A$$ur’s death\n431\nComment:\nIt seems f..."
"Larsen 2010 - The Archive of the Šalim-Aššur Family, Vol. 1. The First Two Generations. (A)TK 6-a, TTKY 33d-a, 2010 (preprint).pdf",445,ea0a5204-461e-4024-abdf-6a7508b9db57,0.5261951150660742,§alim-A$$ur’s death\n437\n§a-lim-A-$ur ù-pá-ha-ar\nù na-á$-pé-er-tám,"Larsen 2010 - The Archive of the Šalim-Aššur Family, Vol."
"Larsen 2010 - The Archive of the Šalim-Aššur Family, Vol. 1. The First Two Generations. (A)TK 6-a, TTKY 33d-a, 2010 (preprint).pdf",445,ea0a5204-461e-4024-abdf-6a7508b9db57,0.5261951150660742,$a um-me-a-ni\n§a-lim-A-$ur,The First Two Generations.
"Larsen 2010 - The Archive of the Šalim-Aššur Family, Vol. 1. The First Two Generations. (A)TK 6-a, TTKY 33d-a, 2010 (preprint).pdf",445,ea0a5204-461e-4024-abdf-6a7508b9db57,0.5261951150660742,i$-tù ITU.KAM hu-bu-ur\nli-mì-im A-$ur-ma-lik,"(A)TK 6-a, TTKY 33d-a, 2010 (preprint).pdf  446     438\n§alim-A$$ur’s death\ni-na ga-me-er a-wa-t..."
"Larsen 2010 - The Archive of the Šalim-Aššur Family, Vol. 1. The First Two Generations. (A)TK 6-a, TTKY 33d-a, 2010 (preprint).pdf",446,ea0a5204-461e-4024-abdf-6a7508b9db57,0.4781187370798227,438\n§alim-A$$ur’s death\ni-na ga-me-er a-wa-tí-ni,"Larsen 2010 - The Archive of the Šalim-Aššur Family, Vol."
"Larsen 2010 - The Archive of the Šalim-Aššur Family, Vol. 1. The First Two Generations. (A)TK 6-a, TTKY 33d-a, 2010 (preprint).pdf",446,ea0a5204-461e-4024-abdf-6a7508b9db57,0.4781187370798227,i[$-tí]\num-me-a-ni,The First Two Generations.
"Michel, Cecile ed. - Old Assyrian Studies in Memory of Paul Garelli. PIHANS 112, 2008 (2).pdf",33,477ecefd-4b1d-459d-ab02-7633ed17e65c,0.20408431781313846,five or more seal\nowners,- Old Assyrian Studies in Memory of Paul Garelli.
"Michel, Cecile ed. - Old Assyrian Studies in Memory of Paul Garelli. PIHANS 112, 2008 (2).pdf",33,477ecefd-4b1d-459d-ab02-7633ed17e65c,0.20408431781313846,all joined in an enterprise,"PIHANS 112, 2008 (2).pdf  34      p ,Yio-, T\n`.\nf3^p ov1f -#tr'-ß\n\nKW«< •\n#..."
"Michel, Cecile ed. - Old Assyrian Studies in Memory of Paul Garelli. PIHANS 112, 2008 (2).pdf",34,9ba23cb6-43b0-437b-98e6-640b90230f4b,0.3115313162982623,2seal of Inbi-Istar,"PIHANS 112, 2008 (2).pdf  33      717 pgrAq\n1`c^1^`r^1^lf1f\nwr-\n1f\nt\n^^\n1\..."
"Michel, Cecile ed. - Old Assyrian Studies in Memory of Paul Garelli. PIHANS 112, 2008 (2).pdf",37,83c5b0d1-3176-4316-8cc6-13490e485880,0.1988874059240922,"A-su-we-[i15-ga\n\nfr? nu t-,\n60\nV. DONBAZ\nTHE ARCHIVES OF EDDIN-ASUR SON OF AHIAYA\n61\nThe remaining documents","Michel, Cecile ed."
"Michel, Cecile ed. - Old Assyrian Studies in Memory of Paul Garelli. PIHANS 112, 2008 (2).pdf",37,83c5b0d1-3176-4316-8cc6-13490e485880,0.1988874059240922,according to the preserved fragments,- Old Assyrian Studies in Memory of Paul Garelli.
"Michel, Cecile ed. - Old Assyrian Studies in Memory of Paul Garelli. PIHANS 112, 2008 (2).pdf",37,83c5b0d1-3176-4316-8cc6-13490e485880,0.1988874059240922,do not mention\ndirectly Eddin-Assur,"PIHANS 112, 2008 (2).pdf  36      r\n^Y\n\n!KA v,t41.\nP7=71 t6\nn/ka8\n\n58\nV...."
"Michel, Cecile ed. - Old Assyrian Studies in Memory of Paul Garelli. PIHANS 112, 2008 (2).pdf",42,52d79a42-57d6-4a81-81ea-6960a68914a1,0.35708678964862856,Folgendermassen Kunilum,"PIHANS 112, 2008 (2).pdf  43      ...\n4b1Plifieuriz\n'oltefkili\n4I1a\nac\nw\n...."
"Michel, Cecile ed. - Old Assyrian Studies in Memory of Paul Garelli. PIHANS 112, 2008 (2).pdf",68,22739a90-b7f0-4012-9c3d-7ae84b3256dc,0.2672538059304876,used metaphorically as in VS 26,"Michel, Cecile ed."
"Michel, Cecile ed. - Old Assyrian Studies in Memory of Paul Garelli. PIHANS 112, 2008 (2).pdf",68,22739a90-b7f0-4012-9c3d-7ae84b3256dc,0.2672538059304876,i-na sà bi4 ti kà,"PIHANS 112, 2008 (2).pdf  67      SIX DOCUMENTS CONTAINING DECISIONS\n4."
"Michel, Cecile ed. - Old Assyrian Studies in Memory of Paul Garelli. PIHANS 112, 2008 (2).pdf",70,9d0b32df-a093-468f-9f1d-0e75fbe76940,0.6438615043245145,there are two parallel lines and then 13 lines of text giving the name of the\ntablet's owner,"Michel, Cecile ed."
"Michel, Cecile ed. - Old Assyrian Studies in Memory of Paul Garelli. PIHANS 112, 2008 (2).pdf",70,9d0b32df-a093-468f-9f1d-0e75fbe76940,0.6438615043245145,"the names of the scribe and witnesses 5 .\nKELD= Ktn/k517+1571\nThe tablet KEL D (11,7 x 7,1cm) contains 65 lines. It is very well preserved. At the\nbeginning of each line there is a ve rtical wedge and there are four more vertical wedges\nscattered in the text",- Old Assyrian Studies in Memory of Paul Garelli.
"Michel, Cecile ed. - Old Assyrian Studies in Memory of Paul Garelli. PIHANS 112, 2008 (2).pdf",70,9d0b32df-a093-468f-9f1d-0e75fbe76940,0.6438615043245145,before some personal names (I. 5,"PIHANS 112, 2008 (2).pdf  72      130\n\nC."
"Michel, Cecile ed. - Old Assyrian Studies in Memory of Paul Garelli. PIHANS 112, 2008 (2).pdf",70,9d0b32df-a093-468f-9f1d-0e75fbe76940,0.6438615043245145,55). The list contains the\nnames of 104 eponyms and starts at the beginning of the reign of Irigum I. The name of\neach eponym is followed,GÜNBATTI\nA LIST OF EPONYMS FROM KÜL...
"Michel, Cecile ed. - Old Assyrian Studies in Memory of Paul Garelli. PIHANS 112, 2008 (2).pdf",70,9d0b32df-a093-468f-9f1d-0e75fbe76940,0.6438615043245145,with a few exceptions,72      130\n\nC.
"Michel, Cecile ed. - Old Assyrian Studies in Memory of Paul Garelli. PIHANS 112, 2008.pdf",60,1db97929-7f3e-42ec-8318-c7d90fb00263,0.21561312291516993,Reconstruction of name uncertain.\n16,- Old Assyrian Studies in Memory of Paul Garelli.
"Michel, Cecile ed. - Old Assyrian Studies in Memory of Paul Garelli. PIHANS 112, 2008.pdf",60,1db97929-7f3e-42ec-8318-c7d90fb00263,0.21561312291516993,It is possible that Eddin-Assur is identified by his father's name for there is enough\nspace to recontruct [DUMU A-hi-a-a].\n20,"PIHANS 112, 2008.pdf  62      52\nV."
"Michel, Cecile ed. - Old Assyrian Studies in Memory of Paul Garelli. PIHANS 112, 2008.pdf",60,1db97929-7f3e-42ec-8318-c7d90fb00263,0.21561312291516993,hiddum NA4.GUG is a bead of cornalian (samtum). This precious stone does not\noccur frequently in respect to lapis lazuli,DONBAZ\nThe text is too fragmentary for...
"Michel, Cecile ed. - Old Assyrian Studies in Memory of Paul Garelli. PIHANS 112, 2008.pdf",62,477ecefd-4b1d-459d-ab02-7633ed17e65c,0.19764671987365678,52\nV. DONBAZ\nThe text is too fragmentary for a translation but it gives some hints,"Michel, Cecile ed."
"Michel, Cecile ed. - Old Assyrian Studies in Memory of Paul Garelli. PIHANS 112, 2008.pdf",62,477ecefd-4b1d-459d-ab02-7633ed17e65c,0.19764671987365678,five or more seal\nowners,- Old Assyrian Studies in Memory of Paul Garelli.
"Michel, Cecile ed. - Old Assyrian Studies in Memory of Paul Garelli. PIHANS 112, 2008.pdf",62,477ecefd-4b1d-459d-ab02-7633ed17e65c,0.19764671987365678,all joined in an enterprise,"PIHANS 112, 2008.pdf  64      p ,Yio-, T\n`.\nf3^p ov1f -#tr'-ß\n\nKW«< •\n#..."
"Michel, Cecile ed. - Old Assyrian Studies in Memory of Paul Garelli. PIHANS 112, 2008.pdf",131,9d0b32df-a093-468f-9f1d-0e75fbe76940,0.5608560686826035,there are two parallel lines and then 13 lines of text giving the name of the\ntablet's owner,"Michel, Cecile ed."
"Michel, Cecile ed. - Old Assyrian Studies in Memory of Paul Garelli. PIHANS 112, 2008.pdf",131,9d0b32df-a093-468f-9f1d-0e75fbe76940,0.5608560686826035,"the names of the scribe and witnesses 5 .\nKELD= Ktn/k517+1571\nThe tablet KEL D (11,7 x 7,1cm) contains 65 lines. It is very well preserved. At the\nbeginning of each line there is a ve rtical wedge and there are four more vertical wedges\nscattered in the text",- Old Assyrian Studies in Memory of Paul Garelli.
"Michel, Cecile ed. - Old Assyrian Studies in Memory of Paul Garelli. PIHANS 112, 2008.pdf",131,9d0b32df-a093-468f-9f1d-0e75fbe76940,0.5608560686826035,before some personal names (I. 5,"PIHANS 112, 2008.pdf  132     A LIST OF EPONYMS FROM KÜLTEPE (KEL D)\n127\nS..."
"Michel, Cecile ed. - Old Assyrian Studies in Memory of Paul Garelli. PIHANS 112, 2008.pdf",131,9d0b32df-a093-468f-9f1d-0e75fbe76940,0.5608560686826035,55). The list contains the\nnames of 104 eponyms and starts at the beginning of the reign of Irigum I. The name of\neach eponym is followed,132     A LIST OF EPONYMS FROM KÜLTEPE (KEL D)\n127\nS...
owen.pdf,14,ab4294f6-03d2-429b-9dcf-a61b13328407,0.19856685003200336,14\nD. I. OWEN AND E. WASILEWSKA\n61 (ASM 12080) Umma,"owen.pdf  15      CUNEIFORM TEXTS IN THE ARIZONA STATE MUSEUM, T..."
owen.pdf,14,ab4294f6-03d2-429b-9dcf-a61b13328407,0.19856685003200336,AS 2/-/-\n(1) 1 má 20.0.0. gur da-na 1.0.0. gur 1-sìla-\nta (2) kaskal-bi da-na 14-/àm (3) åe-bi\n0.4.4. (rev. 4) níg-má åim gú-gal-g[al] / gú-\ntur-tur ù ZÍZ.AN (5) ur-za-ba›-ba›ki-ta (6)\né-sag-da-na-åè / gar-ra (7) mu ∂amar-∂suen /\nlugal-e ur-bí-/lumki mu-æul\n62 (ASM 12139) Umma,"15      CUNEIFORM TEXTS IN THE ARIZONA STATE MUSEUM, T..."
owen.pdf,16,e51a81cc-29a3-4bca-a9d5-1e638c98bf54,0.21240965406240245,16\nD. I. OWEN AND E. WASILEWSKA\na-åà-/[igi?]-du-∂nin-a-ra-li (rev. 5) 40[+n\ngéme u›]-1-åè (6) […] (7) SEAL (8) […]-x\n(9) […]-nun (10) […]-gibil (11) […-t]a\n(12) […na]-ba-saﬂ (13) mu má-∂en-ki ba-\nab-/du°\nSeal\nna-ba-[saﬂ]\ndumu æé-saﬂ\n[iåib-∂åára]\n79 (ASM 12124) Umma,"owen.pdf  17      CUNEIFORM TEXTS IN THE ARIZONA STATE MUSEUM, T..."
owen.pdf,16,e51a81cc-29a3-4bca-a9d5-1e638c98bf54,0.21240965406240245,ÅS 2/-/-\n(1) 6 gi gur (2) zì íl? [a]b?-ba (3) é-nì-giå?-\nåè (4) ki a-gu-ta (rev. 5) kiåib […] (6)\nSEAL (7) åà bal-a (8) mu má-∂en-ki ba-/ab-\ndu°\nSeal\nIllegible\n80 (ASM 12187) Umma,"17      CUNEIFORM TEXTS IN THE ARIZONA STATE MUSEUM, T..."
"Soldt, W.H. van ed. - Veenhof Anniversary Volume. PIHANS 89, 2001.pdf",10,2678d89d-992a-4e39-8f5c-ee4a31d5cdf2,0.2505337514960201,4\nS. BAYRAM\n35. ta-ta-na-dl-na-ni,"Soldt, W.H."
"Soldt, W.H. van ed. - Veenhof Anniversary Volume. PIHANS 89, 2001.pdf",10,2678d89d-992a-4e39-8f5c-ee4a31d5cdf2,0.2505337514960201,a-na A-limb\nû be-li-a,- Veenhof Anniversary Volume.
"Soldt, W.H. van ed. - Veenhof Anniversary Volume. PIHANS 89, 2001.pdf",158,4906cec6-b640-4fd3-b694-d1d930b82ef4,0.49012720056819753,a a-hu-ku-nu,- Veenhof Anniversary Volume.
"Soldt, W.H. van ed. - Veenhof Anniversary Volume. PIHANS 89, 2001.pdf",158,4906cec6-b640-4fd3-b694-d1d930b82ef4,0.49012720056819753,lu-sé-er\num-ma kà-ru-um-ma li-zi-iz\n20 <IGI> GfR sa A-sùr li-it-ma\nû-ul,"PIHANS 89, 2001.pdf  157     THE RIVER ORDEAL IN ANCIENT ANATOLIA*\nCahit G..."
"Soldt, W.H. van ed. - Veenhof Anniversary Volume. PIHANS 89, 2001.pdf",158,4906cec6-b640-4fd3-b694-d1d930b82ef4,0.49012720056819753,ki-ma DUMU a-li-kà\nLo.E. a-na i-id,157     THE RIVER ORDEAL IN ANCIENT ANATOLIA*\nCahit G...
"Spar, Ira ed. - Tablets, Cones, and Bricks of the Third and Second Millennia B.C., Pt. 1-2. CTMMA 1, 1988.pdf",143,be4e83cc-4099-a02b-2b1c-957fe79ce0d0,0.36044350783422907,I-a-su / qâ-sû /\n92,"- Tablets, Cones, and Bricks of the Third and Second Millennia B.C., Pt."
"Spar, Ira ed. - Tablets, Cones, and Bricks of the Third and Second Millennia B.C., Pt. 1-2. CTMMA 1, 1988.pdf",148,069112e8-0ab4-7e67-a50d-30297a73b339,0.3739650328693867,30 kutanum-textiles constitute my half.\n1 i/z kutanum-textiles were nishatum-tax,"- Tablets, Cones, and Bricks of the Third and Second Millennia B.C., Pt."
"Spar, Ira ed. - Tablets, Cones, and Bricks of the Third and Second Millennia B.C., Pt. 1-2. CTMMA 1, 1988.pdf",148,069112e8-0ab4-7e67-a50d-30297a73b339,0.3739650328693867,3 kutanum-textiles were the tithe of the bureau of the\nharbor. The balance of the textiles,"CTMMA 1, 1988.pdf  149     98 K CUNEIFORM TEXTs IN THE METROPOLITAN MUsEU..."
"Spar, Ira ed. - Tablets, Cones, and Bricks of the Third and Second Millennia B.C., Pt. 1-2. CTMMA 1, 1988.pdf",148,069112e8-0ab4-7e67-a50d-30297a73b339,0.3739650328693867,251/2 kutanum-t\nKaneš,149     98 K CUNEIFORM TEXTs IN THE METROPOLITAN MUsEU...
"Spar, Ira ed. - Tablets, Cones, and Bricks of the Third and Second Millennia B.C., Pt. 1-2. CTMMA 1, 1988.pdf",149,9bbb4929-8029-dc80-3fd0-1fc6d9341ce9,0.2672225896223431,98 K CUNEIFORM TEXTs IN THE METROPOLITAN MUsEUM OF ART,"Spar, Ira ed."
"Spar, Ira ed. - Tablets, Cones, and Bricks of the Third and Second Millennia B.C., Pt. 1-2. CTMMA 1, 1988.pdf",149,9bbb4929-8029-dc80-3fd0-1fc6d9341ce9,0.2672225896223431,I\n14-19.\nSpecification:\n21 kutanum-textiles you gave to Dan- Aššur,"- Tablets, Cones, and Bricks of the Third and Second Millennia B.C., Pt."
"Spar, Ira ed. - Tablets, Cones, and Bricks of the Third and Second Millennia B.C., Pt. 1-2. CTMMA 1, 1988.pdf",149,9bbb4929-8029-dc80-3fd0-1fc6d9341ce9,0.2672225896223431,son of Kuzuzarum\n4 1 kutanum-textiles are owed by you\nl textile I gave to the bureau of the harbor as the five-percent tax\nThe balance of the textiles,"CTMMA 1, 1988.pdf  150     OLD AssYRIAN TEXTs K 99\nRev."
"Spar, Ira ed. - Tablets, Cones, and Bricks of the Third and Second Millennia B.C., Pt. 1-2. CTMMA 1, 1988.pdf",149,9bbb4929-8029-dc80-3fd0-1fc6d9341ce9,0.2672225896223431,5 1 kutanum-textiles\n20-23. 1 mina 6 shekels was their price in silver,22.\nbi-û-la-at ...
"Spar, Ira ed. - Tablets, Cones, and Bricks of the Third and Second Millennia B.C., Pt. 1-2. CTMMA 1, 1988.pdf",155,a4fc1bc7-dfcb-069e-8da9-29da4890c89d,0.28788229403853205,104 K CUNEIFORM TEXTs IN THE METROPOLITAN MUsEUM OF ART,"Spar, Ira ed."
"Spar, Ira ed. - Tablets, Cones, and Bricks of the Third and Second Millennia B.C., Pt. 1-2. CTMMA 1, 1988.pdf",155,a4fc1bc7-dfcb-069e-8da9-29da4890c89d,0.28788229403853205,son of Akazi,157     106 K CUNEIFORM TEXTs IN THE METROPOLITAN MUsE...
"Spar, Ira ed. - Tablets, Cones, and Bricks of the Third and Second Millennia B.C., Pt. 1-2. CTMMA 1, 1988.pdf",157,1ed05a0b-3d9d-9e38-75c1-8afedf2bc08f,0.32005617773093853,106 K CUNEIFORM TEXTs IN THE METROPOLITAN MUsEUM OF ART,"Spar, Ira ed."
"Spar, Ira ed. - Tablets, Cones, and Bricks of the Third and Second Millennia B.C., Pt. 1-2. CTMMA 1, 1988.pdf",157,1ed05a0b-3d9d-9e38-75c1-8afedf2bc08f,0.32005617773093853,I\n20-27. As you are our brothers,"- Tablets, Cones, and Bricks of the Third and Second Millennia B.C., Pt."
"Spar, Ira ed. - Tablets, Cones, and Bricks of the Third and Second Millennia B.C., Pt. 1-2. CTMMA 1, 1988.pdf",157,1ed05a0b-3d9d-9e38-75c1-8afedf2bc08f,0.32005617773093853,air all the textiles that they bring,"CTMMA 1, 1988.pdf  158     OLD AssYRIAN TEXTs K 107\n20.\nV3 ma-na 5 GIN ..."
"Spar, Ira ed. - Tablets, Cones, and Bricks of the Third and Second Millennia B.C., Pt. 1-2. CTMMA 1, 1988.pdf",158,1ed05a0b-3d9d-9e38-75c1-8afedf2bc08f,0.1854990378251187,"and I then instructed you there,\n8-11. saying","- Tablets, Cones, and Bricks of the Third and Second Millennia B.C., Pt."
"Spar, Ira ed. - Tablets, Cones, and Bricks of the Third and Second Millennia B.C., Pt. 1-2. CTMMA 1, 1988.pdf",158,1ed05a0b-3d9d-9e38-75c1-8afedf2bc08f,0.1854990378251187,"""For the silver ... which I have taken","CTMMA 1, 1988.pdf  157     106 K CUNEIFORM TEXTs IN THE METROPOLITAN MUsE..."
"Spar, Ira ed. - Tablets, Cones, and Bricks of the Third and Second Millennia B.C., Pt. 1-2. CTMMA 1, 1988.pdf",158,1ed05a0b-3d9d-9e38-75c1-8afedf2bc08f,0.1854990378251187,"may both of the slave girls belong to him!""\n12-19. I keep hearing that Buzazu has seized your slave girls.\nConfront the slave girls with kindness so that he releases them to you",157     106 K CUNEIFORM TEXTs IN THE METROPOLITAN MUsE...
"Spar, Ira ed. - Tablets, Cones, and Bricks of the Third and Second Millennia B.C., Pt. 1-2. CTMMA 1, 1988.pdf",167,3e6fc21c-2731-6b2c-a717-c84637df50bc,0.38810170452733683,116 K CUNEIFORM TEXTs IN THE METROPOLiTAN MUsEUM OF ART,"Spar, Ira ed."
"Spar, Ira ed. - Tablets, Cones, and Bricks of the Third and Second Millennia B.C., Pt. 1-2. CTMMA 1, 1988.pdf",168,03717e9c-c1ba-4456-b780-3040dbfca58c,0.28274377012833396,Suen-nâdâ ques-\ntioned Ennum-Aššur,"- Tablets, Cones, and Bricks of the Third and Second Millennia B.C., Pt."
"Spar, Ira ed. - Tablets, Cones, and Bricks of the Third and Second Millennia B.C., Pt. 1-2. CTMMA 1, 1988.pdf",168,03717e9c-c1ba-4456-b780-3040dbfca58c,0.28274377012833396,"Suen-nâdâ said as follows to Ennum-Aššur:\n4-9.\n""While I and my maidservant stayed in Karla","CTMMA 1, 1988.pdf  167     116 K CUNEIFORM TEXTs IN THE METROPOLiTAN MUsE..."
"Spar, Ira ed. - Tablets, Cones, and Bricks of the Third and Second Millennia B.C., Pt. 1-2. CTMMA 1, 1988.pdf",168,03717e9c-c1ba-4456-b780-3040dbfca58c,0.28274377012833396,you went off to Durbumit,167     116 K CUNEIFORM TEXTs IN THE METROPOLiTAN MUsE...
"Spar, Ira ed. - Tablets, Cones, and Bricks of the Third and Second Millennia B.C., Pt. 1-2. CTMMA 1, 1988.pdf",176,963a642b-8a5c-d0e3-c1d4-2d7ad16ba42c,0.23681344731600157,and Puzur-Assur said as follows to\nWahšušana.\n\n8-\nišbaWahšušana.\neWahšušana.\nmust pay me 1/2 mina of silver. If they do not pay me,"- Tablets, Cones, and Bricks of the Third and Second Millennia B.C., Pt."
"Spar, Ira ed. - Tablets, Cones, and Bricks of the Third and Second Millennia B.C., Pt. 1-2. CTMMA 1, 1988.pdf",176,963a642b-8a5c-d0e3-c1d4-2d7ad16ba42c,0.23681344731600157,"you mus\nKaneš\nme\nKaneš\nmina of\nKaneš\nsilver in Wahsusana. ""\n16.\nZiri answered as follows:\n17.\n""I shall Aššur's\n.Aššugarri'a'u.\n\n18-22. T\nšugarri'a'u.\nugarri'a'\nAmur-Šamaš\nhar\nAmur-Šamaš\nr\nAKurub-Ištar\nus\nKurub-Iš\nišbaurub-Išta\nišba\nave our\nišbatimony before Assur's 2 fugarri'â'Cc.\n23-24. Witnessed by:\nAmur-Samas\nWitnessed by:\nKurub-Istar\nNote\n13:\nisba silver written on the tablet\niš-ba,\nated wi\niš-ba,\nupum,\niš-ba,\nned"" silver","CTMMA 1, 1988.pdf  178     OLD AssYRIAN TEXTs K 127\n88a.\nMMA 66.245.19a..."
"Stratford, Edward - Agents, Archives, and Risk. A Micronarrative Account of Old Assyrian Trade Through Salim-ahum's Activities in 1890 B.C. Diss Chicago 2010.pdf",102,0535b2f1-63f0-9416-8036-3572649b6a19,0.6005557571227166,85\nbill does not refer to circumstances outside this sphere. For example,"Stratford, Edward - Agents, Archives, and Risk."
"Stratford, Edward - Agents, Archives, and Risk. A Micronarrative Account of Old Assyrian Trade Through Salim-ahum's Activities in 1890 B.C. Diss Chicago 2010.pdf",102,0535b2f1-63f0-9416-8036-3572649b6a19,0.6005557571227166,it does not reveal that he\ndeparted with four other transporters. Whatever Šalim-ahum meant about the copper,A Micronarrative Account of Old Assyrian Trade Through Salim-ahum's Activities in 1890 B.C.
"Stratford, Edward - Agents, Archives, and Risk. A Micronarrative Account of Old Assyrian Trade Through Salim-ahum's Activities in 1890 B.C. Diss Chicago 2010.pdf",102,0535b2f1-63f0-9416-8036-3572649b6a19,0.6005557571227166,it was\nmost likely limited to the matter of Nūr-Ištar’s transport.\nDocument 2.2 - I 426,Diss Chicago 2010.pdf  103     86\nrev.\n\n30\n\n35\n\n40\n\n45\n\n50\n\nu.e....
"Stratford, Edward - Agents, Archives, and Risk. A Micronarrative Account of Old Assyrian Trade Through Salim-ahum's Activities in 1890 B.C. Diss Chicago 2010.pdf",114,ec6c0422-2473-8781-e500-2f179f65c91b,0.1935090793969008,97\n\nThe Letters of Receipt\nAt least nominally consistent with the conventional translation,"Stratford, Edward - Agents, Archives, and Risk."
"Stratford, Edward - Agents, Archives, and Risk. A Micronarrative Account of Old Assyrian Trade Through Salim-ahum's Activities in 1890 B.C. Diss Chicago 2010.pdf",114,ec6c0422-2473-8781-e500-2f179f65c91b,0.1935090793969008,the short-term claim\nfell due first (Lot #3). The agents collected most of the claim on Lot #3 and sent the silver back\nto Šalim-ahum in Aššur. When Šalim-ahum received the silver,A Micronarrative Account of Old Assyrian Trade Through Salim-ahum's Activities in 1890 B.C.
"Stratford, Edward - Agents, Archives, and Risk. A Micronarrative Account of Old Assyrian Trade Through Salim-ahum's Activities in 1890 B.C. Diss Chicago 2010.pdf",114,ec6c0422-2473-8781-e500-2f179f65c91b,0.1935090793969008,he wrote a letter of receipt\n(2.3) back to the same set of agents.\n\nDocument 2.3 - TC 3 23,Diss Chicago 2010.pdf  115     98\n\n15\n\nlo.e.\n20\nrev.\n\n25\n\n30\n\n35\...
"Stratford, Edward - Agents, Archives, and Risk. A Micronarrative Account of Old Assyrian Trade Through Salim-ahum's Activities in 1890 B.C. Diss Chicago 2010.pdf",115,ec6c0422-2473-8781-e500-2f179f65c91b,0.3665972062067067,though cf. CCT 4 3b:4-6 4KÙ.BABBAR ù ṣí-ba-tù-šu 5i-ṣé-er A-zu-da 6i-mí-dí-id “He measured out the\nsilver and its interest to Azuda.” The half broken sign is shaped like NIM,A Micronarrative Account of Old Assyrian Trade Through Salim-ahum's Activities in 1890 B.C.
"Stratford, Edward - Agents, Archives, and Risk. A Micronarrative Account of Old Assyrian Trade Through Salim-ahum's Activities in 1890 B.C. Diss Chicago 2010.pdf",115,ec6c0422-2473-8781-e500-2f179f65c91b,0.3665972062067067,or HI.\n32 See TC 1 63,Diss Chicago 2010.pdf  114     97\n\nThe Letters of Receipt\nAt least nominal...
"Stratford, Edward - Agents, Archives, and Risk. A Micronarrative Account of Old Assyrian Trade Through Salim-ahum's Activities in 1890 B.C. Diss Chicago 2010.pdf",118,e904f527-3205-f6d5-7cc4-007902b0d3fd,0.7096765830018585,101\nDocument 2.4 - BIN 4 26,"Stratford, Edward - Agents, Archives, and Risk."
"Stratford, Edward - Agents, Archives, and Risk. A Micronarrative Account of Old Assyrian Trade Through Salim-ahum's Activities in 1890 B.C. Diss Chicago 2010.pdf",119,e904f527-3205-f6d5-7cc4-007902b0d3fd,0.520969554045045,5 minas\nfrom Amur-Ištar for my tin—you wrote me,A Micronarrative Account of Old Assyrian Trade Through Salim-ahum's Activities in 1890 B.C.
"Stratford, Edward - Agents, Archives, and Risk. A Micronarrative Account of Old Assyrian Trade Through Salim-ahum's Activities in 1890 B.C. Diss Chicago 2010.pdf",119,e904f527-3205-f6d5-7cc4-007902b0d3fd,0.520969554045045,“Hinnaya will pay it and our instructions\nwill go to Hinnaya.”\n17Total,Second Letter of...
"Stratford, Edward - Agents, Archives, and Risk. A Micronarrative Account of Old Assyrian Trade Through Salim-ahum's Activities in 1890 B.C. Diss Chicago 2010.pdf",124,339b3889-144e-4aff-8e43-502066c5fc12,0.4084091160101963,107\nthose associated with the caravan of Lā-qēpum.37 Also,"Stratford, Edward - Agents, Archives, and Risk."
"Stratford, Edward - Agents, Archives, and Risk. A Micronarrative Account of Old Assyrian Trade Through Salim-ahum's Activities in 1890 B.C. Diss Chicago 2010.pdf",124,339b3889-144e-4aff-8e43-502066c5fc12,0.4084091160101963,Šalim-ahum asked that the agents send\nDān-Aššur and his brother back home,A Micronarrative Account of Old Assyrian Trade Through Salim-ahum's Activities in 1890 B.C.
"Stratford, Edward - Agents, Archives, and Risk. A Micronarrative Account of Old Assyrian Trade Through Salim-ahum's Activities in 1890 B.C. Diss Chicago 2010.pdf",124,339b3889-144e-4aff-8e43-502066c5fc12,0.4084091160101963,and some details were set out with regards to the claims\nderiving from Durhumit,Diss Chicago 2010.pdf  125     108\n20\n\n25\n\n30\n\nle.e.\n\n35\n\nté-er-ta...
"Stratford, Edward - Agents, Archives, and Risk. A Micronarrative Account of Old Assyrian Trade Through Salim-ahum's Activities in 1890 B.C. Diss Chicago 2010.pdf",125,339b3889-144e-4aff-8e43-502066c5fc12,0.3575069345843636,my tin and textiles should not be stocked up.41 Sell (the tin) on short-\nterm credit at a rate of 9 shekels or higher. Otherwise sell as much as can be sold on long-term\ncredit. Let your report come as to how much of my good—those from the cargo of Erraya’s son\n(Aššur-mālik),A Micronarrative Account of Old Assyrian Trade Through Salim-ahum's Activities in 1890 B.C.
"Stratford, Edward - Agents, Archives, and Risk. A Micronarrative Account of Old Assyrian Trade Through Salim-ahum's Activities in 1890 B.C. Diss Chicago 2010.pdf",125,339b3889-144e-4aff-8e43-502066c5fc12,0.3575069345843636,those that Dān-Aššur drove,Diss Chicago 2010.pdf  124     107\nthose associated with the caravan of Lā-q...
"Stratford, Edward - Agents, Archives, and Risk. A Micronarrative Account of Old Assyrian Trade Through Salim-ahum's Activities in 1890 B.C. Diss Chicago 2010.pdf",125,339b3889-144e-4aff-8e43-502066c5fc12,0.3575069345843636,and those from the caravan of Šū-Enlil’s son42—\n(that is) my tin and textiles,124     107\nthose associated with the caravan of Lā-q...
"Stratford, Edward - Agents, Archives, and Risk. A Micronarrative Account of Old Assyrian Trade Through Salim-ahum's Activities in 1890 B.C. Diss Chicago 2010.pdf",174,1889c8c1-d4c9-784d-96bb-af08a7e7c5fa,0.2578625603832409,157\nsilver and Puzur-Ištar chose to terminate his contract with Šalim-ahum (3.3). The three letters\nwill be presented in order before discussing their content in depth.\nIn the first letter,"Stratford, Edward - Agents, Archives, and Risk."
"Stratford, Edward - Agents, Archives, and Risk. A Micronarrative Account of Old Assyrian Trade Through Salim-ahum's Activities in 1890 B.C. Diss Chicago 2010.pdf",174,1889c8c1-d4c9-784d-96bb-af08a7e7c5fa,0.2578625603832409,Šalim-ahum reminded Pūšu-kēn to collect Puzur-Ištar’s gold. The\ntenor of the letter reveals some of the urgency Šalim-ahum felt about collecting the gold. The\nletter reads:\n\nDocument 3.1 – TC 2 4,A Micronarrative Account of Old Assyrian Trade Through Salim-ahum's Activities in 1890 B.C.
"Stratford, Edward - Agents, Archives, and Risk. A Micronarrative Account of Old Assyrian Trade Through Salim-ahum's Activities in 1890 B.C. Diss Chicago 2010.pdf",192,51a85c73-6914-1e87-6f91-946ec91d9bdd,0.6418083254238948,175\n\nDocument 3.4 - TC 1 26,"Stratford, Edward - Agents, Archives, and Risk."
"Stratford, Edward - Agents, Archives, and Risk. A Micronarrative Account of Old Assyrian Trade Through Salim-ahum's Activities in 1890 B.C. Diss Chicago 2010.pdf",192,51a85c73-6914-1e87-6f91-946ec91d9bdd,0.6418083254238948,and Dan-Aššur bringing something. The\ncircumstances resemble what is happening here,Diss Chicago 2010.pdf  193     176\n\n30\n\nu.e.\n\n35\nle.e.\n\nlu-šé-bi-la-...
"Stratford, Edward - Agents, Archives, and Risk. A Micronarrative Account of Old Assyrian Trade Through Salim-ahum's Activities in 1890 B.C. Diss Chicago 2010.pdf",193,51a85c73-6914-1e87-6f91-946ec91d9bdd,0.32709228075620167,say:\n5-13You wrote me,A Micronarrative Account of Old Assyrian Trade Through Salim-ahum's Activities in 1890 B.C.
"Stratford, Edward - Agents, Archives, and Risk. A Micronarrative Account of Old Assyrian Trade Through Salim-ahum's Activities in 1890 B.C. Diss Chicago 2010.pdf",193,51a85c73-6914-1e87-6f91-946ec91d9bdd,0.32709228075620167,“Let your message come to your representatives so that they may\ngive me tin and textiles worth about one talent of silver when they sell on credit. And,Diss Chicago 2010.pdf  192     175\n\nDocument 3.4 - TC 1 26:
"Stratford, Edward - Agents, Archives, and Risk. A Micronarrative Account of Old Assyrian Trade Through Salim-ahum's Activities in 1890 B.C. Diss Chicago 2010.pdf",193,51a85c73-6914-1e87-6f91-946ec91d9bdd,0.32709228075620167,in\nconfirmation of these things let a 10 minas portion of my silver (i.e. the silver I will pay) go to\nyou,First Ilabrat-b...
"Stratford, Edward - Agents, Archives, and Risk. A Micronarrative Account of Old Assyrian Trade Through Salim-ahum's Activities in 1890 B.C. Diss Chicago 2010.pdf",241,a457f047-d209-56dd-ce96-727b37f697a9,0.2842999951753514,224\n\nŠū-Hubur to Pūšu-kēn:\nAs for the tin and textiles which Ikūnum purchased,"Stratford, Edward - Agents, Archives, and Risk."
"Stratford, Edward - Agents, Archives, and Risk. A Micronarrative Account of Old Assyrian Trade Through Salim-ahum's Activities in 1890 B.C. Diss Chicago 2010.pdf",241,a457f047-d209-56dd-ce96-727b37f697a9,0.2842999951753514,you wrote to me(3),A Micronarrative Account of Old Assyrian Trade Through Salim-ahum's Activities in 1890 B.C.
"Stratford, Edward - Agents, Archives, and Risk. A Micronarrative Account of Old Assyrian Trade Through Salim-ahum's Activities in 1890 B.C. Diss Chicago 2010.pdf",241,a457f047-d209-56dd-ce96-727b37f697a9,0.2842999951753514,“He will pay\nyou 20 shekels refined silver for each of your textiles in 13 hamuštum weeks,Diss Chicago 2010.pdf  243     226\nreflecting it’s owner’s feelings.101 The ...
"Stratford, Edward - Agents, Archives, and Risk. A Micronarrative Account of Old Assyrian Trade Through Salim-ahum's Activities in 1890 B.C. Diss Chicago 2010.pdf",244,0be2b3e3-efc3-ae83-de00-760d82de400c,0.2852383099440301,227\nwill depart when Uṣṣur-ša-Aššur goes out in 10 days.”109 “My caravan (leaves) after Puzur-\nAššur. Within 10 days I will dispatch Aššur-lamassī,"Stratford, Edward - Agents, Archives, and Risk."
"Stratford, Edward - Agents, Archives, and Risk. A Micronarrative Account of Old Assyrian Trade Through Salim-ahum's Activities in 1890 B.C. Diss Chicago 2010.pdf",244,0be2b3e3-efc3-ae83-de00-760d82de400c,0.2852383099440301,"my mahhā’um.”110 “We wrote you (a letter,\ntaken) by Šū-Adad (saying)",A Micronarrative Account of Old Assyrian Trade Through Salim-ahum's Activities in 1890 B.C.
"Stratford, Edward - Agents, Archives, and Risk. A Micronarrative Account of Old Assyrian Trade Through Salim-ahum's Activities in 1890 B.C. Diss Chicago 2010.pdf",244,0be2b3e3-efc3-ae83-de00-760d82de400c,0.2852383099440301,“Within 10 days travelers will arrive here two or three times,Diss Chicago 2010.pdf  243     226\nreflecting it’s owner’s feelings.101 The ...
"Stratford, Edward - Agents, Archives, and Risk. A Micronarrative Account of Old Assyrian Trade Through Salim-ahum's Activities in 1890 B.C. Diss Chicago 2010.pdf",259,b4626e98-a9a0-f3fc-e719-b3faf83d7e8f,0.5703290505458551,Larsen’s reading of only 2 textiles is corroborated by the\ngold Šalim-ahum sought from Ilī-ašranni in 3.3(TC 2 2):26-29,A Micronarrative Account of Old Assyrian Trade Through Salim-ahum's Activities in 1890 B.C.
"Stratford, Edward - Agents, Archives, and Risk. A Micronarrative Account of Old Assyrian Trade Through Salim-ahum's Activities in 1890 B.C. Diss Chicago 2010.pdf",259,b4626e98-a9a0-f3fc-e719-b3faf83d7e8f,0.5703290505458551,where Šalim-ahum asked Pūšu-kēn to gather Ilī-\našranni’s gold worth 4 and 5 shekels each and send it to him. The price Ilī-ašranni paid in gold,Diss Chicago 2010.pdf  260     243\n40\n\n45\n\n50\n\nu.e.\n55\n\nle.e.\n\n60...
"Stratford, Edward - Agents, Archives, and Risk. A Micronarrative Account of Old Assyrian Trade Through Salim-ahum's Activities in 1890 B.C. Diss Chicago 2010.pdf",274,19755573-0766-4858-8cfa-034fa1f3b426,0.42621293412737427,257\n(4.1) communicates. Another letter,"Stratford, Edward - Agents, Archives, and Risk."
"Stratford, Edward - Agents, Archives, and Risk. A Micronarrative Account of Old Assyrian Trade Through Salim-ahum's Activities in 1890 B.C. Diss Chicago 2010.pdf",274,19755573-0766-4858-8cfa-034fa1f3b426,0.42621293412737427,updating Šalim-ahum on the journey,A Micronarrative Account of Old Assyrian Trade Through Salim-ahum's Activities in 1890 B.C.
"Stratford, Edward - Agents, Archives, and Risk. A Micronarrative Account of Old Assyrian Trade Through Salim-ahum's Activities in 1890 B.C. Diss Chicago 2010.pdf",274,19755573-0766-4858-8cfa-034fa1f3b426,0.42621293412737427,may have come\nwhile the caravan was still en route. Šalim-ahum’s response (4.2) reveals raw and present\nfeelings about the news. Rather than referring to him by name,Diss Chicago 2010.pdf  275     258\n\nlo.e.\n20\nrev.\n\n25\n\n30\n\n35\n\nu....
"Stratford, Edward - Agents, Archives, and Risk. A Micronarrative Account of Old Assyrian Trade Through Salim-ahum's Activities in 1890 B.C. Diss Chicago 2010.pdf",275,19755573-0766-4858-8cfa-034fa1f3b426,0.7373687735640448,In the tablet of Lā-qēpum,A Micronarrative Account of Old Assyrian Trade Through Salim-ahum's Activities in 1890 B.C.
"Stratford, Edward - Agents, Archives, and Risk. A Micronarrative Account of Old Assyrian Trade Through Salim-ahum's Activities in 1890 B.C. Diss Chicago 2010.pdf",275,19755573-0766-4858-8cfa-034fa1f3b426,0.7373687735640448,“Ilabrat-bāni took 6 minas 20 shekels tin\nfrom your package and at that time left for Hattum;” Ilī-ašranni brought a white kusītum robe\n\n18 For other occurrences of Aššur-mālik s. Azuza in this context,Diss Chicago 2010.pdf  274     257\n(4.1) communicates.
"Stratford, Edward - Agents, Archives, and Risk. A Micronarrative Account of Old Assyrian Trade Through Salim-ahum's Activities in 1890 B.C. Diss Chicago 2010.pdf",275,19755573-0766-4858-8cfa-034fa1f3b426,0.7373687735640448,see 4.6:18-21,"Another letter, updat..."
"Stratford, Edward - Agents, Archives, and Risk. A Micronarrative Account of Old Assyrian Trade Through Salim-ahum's Activities in 1890 B.C. Diss Chicago 2010.pdf",283,2b522ff0-1a78-d404-439c-a4bb6f4962cc,0.5978728729599679,266\nimpatiently wrote again soon therafter complaining that he had still not received payment\nfrom Ilabrat-bāni for his other debts (4.6).\n\nDocument 4.5 - TC 3 20,"Stratford, Edward - Agents, Archives, and Risk."
"Stratford, Edward - Agents, Archives, and Risk. A Micronarrative Account of Old Assyrian Trade Through Salim-ahum's Activities in 1890 B.C. Diss Chicago 2010.pdf",283,2b522ff0-1a78-d404-439c-a4bb6f4962cc,0.5978728729599679,More Extreme Measures,A Micronarrative Account of Old Assyrian Trade Through Salim-ahum's Activities in 1890 B.C.
"Stratford, Edward - Agents, Archives, and Risk. A Micronarrative Account of Old Assyrian Trade Through Salim-ahum's Activities in 1890 B.C. Diss Chicago 2010.pdf",283,2b522ff0-1a78-d404-439c-a4bb6f4962cc,0.5978728729599679,(all partial),40\n\nle.e.\n\n45\...
"Stratford, Edward - Agents, Archives, and Risk. A Micronarrative Account of Old Assyrian Trade Through Salim-ahum's Activities in 1890 B.C. Diss Chicago 2010.pdf",284,2b522ff0-1a78-d404-439c-a4bb6f4962cc,0.48842771103796845,“On the day\nI am writing this tablet to you,A Micronarrative Account of Old Assyrian Trade Through Salim-ahum's Activities in 1890 B.C.
"Stratford, Edward - Agents, Archives, and Risk. A Micronarrative Account of Old Assyrian Trade Through Salim-ahum's Activities in 1890 B.C. Diss Chicago 2010.pdf",284,2b522ff0-1a78-d404-439c-a4bb6f4962cc,0.48842771103796845,his term is full. Purchase refined tin27 so that Puzur-Aššur can\ndepart with Dān-Aššur to Amurrum and seize the tin on his own authority.” Dān-Aššur is sick\nso he did not go.\n12-18Ennum-Aššur conveys my message to you. Now,Diss Chicago 2010.pdf  283     266\nimpatiently wrote again soon therafter co...
"Stratford, Edward - Agents, Archives, and Risk. A Micronarrative Account of Old Assyrian Trade Through Salim-ahum's Activities in 1890 B.C. Diss Chicago 2010.pdf",288,79543fee-ed27-9539-6ca9-69d65931f2e7,0.3079634492493187,271\nsilver,"Stratford, Edward - Agents, Archives, and Risk."
"Stratford, Edward - Agents, Archives, and Risk. A Micronarrative Account of Old Assyrian Trade Through Salim-ahum's Activities in 1890 B.C. Diss Chicago 2010.pdf",288,79543fee-ed27-9539-6ca9-69d65931f2e7,0.3079634492493187,as they would have converted all silver into tin and textiles in Aššur before commencing\nthe journey to Anatolia. Also,A Micronarrative Account of Old Assyrian Trade Through Salim-ahum's Activities in 1890 B.C.
"Stratford, Edward - Agents, Archives, and Risk. A Micronarrative Account of Old Assyrian Trade Through Salim-ahum's Activities in 1890 B.C. Diss Chicago 2010.pdf",288,79543fee-ed27-9539-6ca9-69d65931f2e7,0.3079634492493187,to know exactly how much the tin appreciated between Aššur\nand Amurrum relied on an exact knowledge of the price of tin in Aššur (and whether or not\nthe donkeys were part of the goods liquidated),Diss Chicago 2010.pdf  289     272\n15\n\nlo.e.\n\nrev.\n21\n\n25\n\n30\n\n35...
"Stratford, Edward - Agents, Archives, and Risk. A Micronarrative Account of Old Assyrian Trade Through Salim-ahum's Activities in 1890 B.C. Diss Chicago 2010.pdf",289,79543fee-ed27-9539-6ca9-69d65931f2e7,0.7643536888297534,“In your message (in which you quoted me as saying),A Micronarrative Account of Old Assyrian Trade Through Salim-ahum's Activities in 1890 B.C.
"Stratford, Edward - Agents, Archives, and Risk. A Micronarrative Account of Old Assyrian Trade Through Salim-ahum's Activities in 1890 B.C. Diss Chicago 2010.pdf",289,79543fee-ed27-9539-6ca9-69d65931f2e7,0.7643536888297534,‘I (Šalim-ahum) sold the goods in\nAmurrum and took my silver. The remainder of the silver is 51⅙ shekels.’” I (Šalim-ahum),"Diss Chicago 2010.pdf  288     271\nsilver, as they would have converted all ..."
"Stratford, Edward - Agents, Archives, and Risk. A Micronarrative Account of Old Assyrian Trade Through Salim-ahum's Activities in 1890 B.C. Diss Chicago 2010.pdf",312,df5ef874-51a3-9dee-7d7a-35a09af6d4db,0.4559968172406042,let your message\ncome. From the silver of Huraṣānum and Aššur-mālik and the 7½ minas silver about which you\nsent word to me,A Micronarrative Account of Old Assyrian Trade Through Salim-ahum's Activities in 1890 B.C.
"Stratford, Edward - Agents, Archives, and Risk. A Micronarrative Account of Old Assyrian Trade Through Salim-ahum's Activities in 1890 B.C. Diss Chicago 2010.pdf",312,df5ef874-51a3-9dee-7d7a-35a09af6d4db,0.4559968172406042,seal 30 minas silver and send it with the first travellers.\n15-24I hear that you will dispatch Dān-Aššur to Purušhattum. The amount of silver he\nrealizes,Diss Chicago 2010.pdf  313     296\n\nDocument 5.2 - TC 2 1:
"Stratford, Edward - Agents, Archives, and Risk. A Micronarrative Account of Old Assyrian Trade Through Salim-ahum's Activities in 1890 B.C. Diss Chicago 2010.pdf",312,df5ef874-51a3-9dee-7d7a-35a09af6d4db,0.4559968172406042,both whatever is sold there of Kulumaya’s and Agua’s cargo,Second Letter on...
"Stratford, Edward - Agents, Archives, and Risk. A Micronarrative Account of Old Assyrian Trade Through Salim-ahum's Activities in 1890 B.C. Diss Chicago 2010.pdf",313,16ff1636-0d5a-14a1-80b0-452fc9df74f3,0.8027172058503032,296\n\nDocument 5.2 - TC 2 1,"Stratford, Edward - Agents, Archives, and Risk."
"Stratford, Edward - Agents, Archives, and Risk. A Micronarrative Account of Old Assyrian Trade Through Salim-ahum's Activities in 1890 B.C. Diss Chicago 2010.pdf",313,16ff1636-0d5a-14a1-80b0-452fc9df74f3,0.8027172058503032,P. van der Meer,Diss Chicago 2010.pdf  314     297\n30\n\nle.e.\n\n35\nDan-A-šur ṭur4-dam\ni-...
"Stratford, Edward - Agents, Archives, and Risk. A Micronarrative Account of Old Assyrian Trade Through Salim-ahum's Activities in 1890 B.C. Diss Chicago 2010.pdf",314,16ff1636-0d5a-14a1-80b0-452fc9df74f3,0.20213883848836803,"and both that of Agua and Kulumaya. (To Pūšu-kēn:) From the silver of\nHuraṣānum and Aššur-mālik – 7½ minas worth of textiles about which you sent word to me,\nseal 30 minas silver and its excise and send with the first travellers. If Dān-Aššur is delayed,\nthen fulfill 20 minas (with) the remainder of silver",A Micronarrative Account of Old Assyrian Trade Through Salim-ahum's Activities in 1890 B.C.
"Stratford, Edward - Agents, Archives, and Risk. A Micronarrative Account of Old Assyrian Trade Through Salim-ahum's Activities in 1890 B.C. Diss Chicago 2010.pdf",314,16ff1636-0d5a-14a1-80b0-452fc9df74f3,0.20213883848836803,whether from the proceeds from the\ndonkeys or every shekel of silver wherever it is available,Diss Chicago 2010.pdf  315     298\n\n5\n\n10\n\n15\n\nlo.e.\n20\nrev.\n\n25\...
"Stratford, Edward - Agents, Archives, and Risk. A Micronarrative Account of Old Assyrian Trade Through Salim-ahum's Activities in 1890 B.C. Diss Chicago 2010.pdf",315,dbb92609-3eb7-a100-f59f-5b57201a6dac,0.4946705005252539,see section entitled “Dān-Aššur’s Travels and the Timing of the\nnabrītum” p. 316 below.\n9 Read lá-áš instead of lá?-áš? in Bilgic and Günbattı,A Micronarrative Account of Old Assyrian Trade Through Salim-ahum's Activities in 1890 B.C.
"Stratford, Edward - Agents, Archives, and Risk. A Micronarrative Account of Old Assyrian Trade Through Salim-ahum's Activities in 1890 B.C. Diss Chicago 2010.pdf",317,b067c1b8-4279-ba03-5cb5-300ae13594f6,0.6940344491997484,300\nof Panaka,"Stratford, Edward - Agents, Archives, and Risk."
"Stratford, Edward - Agents, Archives, and Risk. A Micronarrative Account of Old Assyrian Trade Through Salim-ahum's Activities in 1890 B.C. Diss Chicago 2010.pdf",317,b067c1b8-4279-ba03-5cb5-300ae13594f6,0.6940344491997484,add the price of the textile which the girl gave you and as much gold as you are able\nand send to me the pašallum-gold of the merchant. Let Dān-Aššur bring 40 minas fine copper.11\n\nDocument 5.4 - AKT 3 78,A Micronarrative Account of Old Assyrian Trade Through Salim-ahum's Activities in 1890 B.C.
"Stratford, Edward - Agents, Archives, and Risk. A Micronarrative Account of Old Assyrian Trade Through Salim-ahum's Activities in 1890 B.C. Diss Chicago 2010.pdf",328,1fbda578-84d6-42b5-880b-64eee0328ff8,0.4107252060043678,311\nrecently,"Stratford, Edward - Agents, Archives, and Risk."
"Stratford, Edward - Agents, Archives, and Risk. A Micronarrative Account of Old Assyrian Trade Through Salim-ahum's Activities in 1890 B.C. Diss Chicago 2010.pdf",328,1fbda578-84d6-42b5-880b-64eee0328ff8,0.4107252060043678,it has come to be associated with winter or winter time through its use in two\ndiferent letters.23 Just what the nabrītum was is still difficult to say. There are fewer than\ntwenty references to the phenomena. It is not the purpose of the present discussion to develop\na definition of the nabrītum,A Micronarrative Account of Old Assyrian Trade Through Salim-ahum's Activities in 1890 B.C.
"Stratford, Edward - Agents, Archives, and Risk. A Micronarrative Account of Old Assyrian Trade Through Salim-ahum's Activities in 1890 B.C. Diss Chicago 2010.pdf",328,1fbda578-84d6-42b5-880b-64eee0328ff8,0.4107252060043678,the translations mostly follow their\ntranslation in Larsen,The nabrītum must not overtake me...
"Stratford, Edward - Agents, Archives, and Risk. A Micronarrative Account of Old Assyrian Trade Through Salim-ahum's Activities in 1890 B.C. Diss Chicago 2010.pdf",329,6a250d5d-4b02-4eda-be98-269e432060b2,0.6825794342697813,312\nwinter. The nabrītum must not overtake me. Here donkey fodder is difficult to get. Take care to\nsend the young men so that I can take my way without winter overtaking me.24 On the day that\nyou read this letter,"Stratford, Edward - Agents, Archives, and Risk."
"Stratford, Edward - Agents, Archives, and Risk. A Micronarrative Account of Old Assyrian Trade Through Salim-ahum's Activities in 1890 B.C. Diss Chicago 2010.pdf",341,2e264c10-4f59-baf5-ac5f-a08d95985e94,0.6034999812640507,"""Luwier in\nKappadokien,"" in La circulation des biens","Diss Chicago 2010.pdf  343     326\nretain his niqī’um and the dātum payment,..."
"Stratford, Edward - Agents, Archives, and Risk. A Micronarrative Account of Old Assyrian Trade Through Salim-ahum's Activities in 1890 B.C. Diss Chicago 2010.pdf",341,2e264c10-4f59-baf5-ac5f-a08d95985e94,0.6034999812640507,des personnes et des idées dans le Proche-Orient ancien,"343     326\nretain his niqī’um and the dātum payment,..."
"Stratford, Edward - Agents, Archives, and Risk. A Micronarrative Account of Old Assyrian Trade Through Salim-ahum's Activities in 1890 B.C. Diss Chicago 2010.pdf",353,caa2eba2-6175-a0ee-c590-7f84bbffdc3a,0.6846121628058577,The original editors’ translation of 25-26 seems correct in sense. If wa-ar-kà-tám were\nadjectival,A Micronarrative Account of Old Assyrian Trade Through Salim-ahum's Activities in 1890 B.C.
"Stratford, Edward - Agents, Archives, and Risk. A Micronarrative Account of Old Assyrian Trade Through Salim-ahum's Activities in 1890 B.C. Diss Chicago 2010.pdf",353,caa2eba2-6175-a0ee-c590-7f84bbffdc3a,0.6846121628058577,one would expect maškattum warkītum. In lines 27-28,"Diss Chicago 2010.pdf  354     337\n3-19If you choose, on the day you read th..."
"Stratford, Edward - Agents, Archives, and Risk. A Micronarrative Account of Old Assyrian Trade Through Salim-ahum's Activities in 1890 B.C. Diss Chicago 2010.pdf",354,68897c7e-6949-c359-7827-8ee18f89a557,0.3548906013231805,337\n3-19If you choose,"Stratford, Edward - Agents, Archives, and Risk."
"Stratford, Edward - Agents, Archives, and Risk. A Micronarrative Account of Old Assyrian Trade Through Salim-ahum's Activities in 1890 B.C. Diss Chicago 2010.pdf",354,68897c7e-6949-c359-7827-8ee18f89a557,0.3548906013231805,on the day you read this tablet,A Micronarrative Account of Old Assyrian Trade Through Salim-ahum's Activities in 1890 B.C.
"Stratford, Edward - Agents, Archives, and Risk. A Micronarrative Account of Old Assyrian Trade Through Salim-ahum's Activities in 1890 B.C. Diss Chicago 2010.pdf",354,68897c7e-6949-c359-7827-8ee18f89a557,0.3548906013231805,send me 13⅓ minas silver–its excise\nadded,Diss Chicago 2010.pdf  355     338\n\n19\nlo.e.\nrev.\n\n25\n\n30\n\n35\n\n39...
"Stratford, Edward - Agents, Archives, and Risk. A Micronarrative Account of Old Assyrian Trade Through Salim-ahum's Activities in 1890 B.C. Diss Chicago 2010.pdf",355,68897c7e-6949-c359-7827-8ee18f89a557,0.7286389944291144,13 minas hand tin,A Micronarrative Account of Old Assyrian Trade Through Salim-ahum's Activities in 1890 B.C.
"Stratford, Edward - Agents, Archives, and Risk. A Micronarrative Account of Old Assyrian Trade Through Salim-ahum's Activities in 1890 B.C. Diss Chicago 2010.pdf",355,68897c7e-6949-c359-7827-8ee18f89a557,0.7286389944291144,13 textiles—wrappings and top-\npack—1 black donkey. The (wages) of the rider are satisfied. Aššur-taklāku transports all this to\nyou under my seal.\n9-27My dear brother,"Diss Chicago 2010.pdf  354     337\n3-19If you choose, on the day you read th..."
"Stratford, Edward - Agents, Archives, and Risk. A Micronarrative Account of Old Assyrian Trade Through Salim-ahum's Activities in 1890 B.C. Diss Chicago 2010.pdf",357,3c10547e-4f06-b273-bd1b-92347dd6ee0f,0.3586872248301987,21.\n56 Translation of the last clause is conjecture. I translate aṣṣer ištu 5 warhī i-Kuriya atanalluku (subjunctive\nverb following aṣṣer) to reflect the similarity to the use of aṣṣer plus a nominal phrase,A Micronarrative Account of Old Assyrian Trade Through Salim-ahum's Activities in 1890 B.C.
"Stratford, Edward - Agents, Archives, and Risk. A Micronarrative Account of Old Assyrian Trade Through Salim-ahum's Activities in 1890 B.C. Diss Chicago 2010.pdf",357,3c10547e-4f06-b273-bd1b-92347dd6ee0f,0.3586872248301987,which is often meant to\nconvey “In addition to …”. i-Ku-ri-ya could alternatively be read i-ma-ri-a,Diss Chicago 2010.pdf  359     342\n10\n\n15\nlo.e.\n\nrev.\n\n20\n\n25\n\n30...
"Stratford, Edward - Agents, Archives, and Risk. A Micronarrative Account of Old Assyrian Trade Through Salim-ahum's Activities in 1890 B.C. Diss Chicago 2010.pdf",373,a40fb463-6e10-4a7d-9edd-2a5ac5e8e18e,0.4376951204549123,356\nDocument 5.14 - Schaeffer 22,"Stratford, Edward - Agents, Archives, and Risk."
"Stratford, Edward - Agents, Archives, and Risk. A Micronarrative Account of Old Assyrian Trade Through Salim-ahum's Activities in 1890 B.C. Diss Chicago 2010.pdf",374,a40fb463-6e10-4a7d-9edd-2a5ac5e8e18e,0.22966457283008912,“We\nwill move the qablītum.” As for me,Diss Chicago 2010.pdf  373     356\nDocument 5.14 - Schaeffer 22:
"Stratford, Edward - Agents, Archives, and Risk. A Micronarrative Account of Old Assyrian Trade Through Salim-ahum's Activities in 1890 B.C. Diss Chicago 2010.pdf",374,a40fb463-6e10-4a7d-9edd-2a5ac5e8e18e,0.22966457283008912,I went to this place but he would not sell the house.\nAfterwards,Purchasing ...
"Teissier, Beatrice - Sealing and Seals on Texts from Kultepe Karum Level 2. PIHANS 70, 1994.pdf",125,e57a9763-4a39-8e09-8e42-154b81112dbd,0.18962228570918377,"31.\nbe'ulâtum\nSa-IShara(f\nSa-Išhara(f\nSa-Išhara(f\nD,\n\nIli-bani B,\nPlg.\nIdi-ASSur sIdi-Aššu\nrSur\nEnnam-AšSur\n1\nNi-dé-bani 2\nAlabum s\nBalia 3\nEL 160\nTMH 342b\n(2)\n32.\nbe'ulâtum\nEnlil-bani\nASSur-malik\nAššur-malik\nAššur-malikr.\n- Sa-Anim s\nHada\nASSur-nada\nAšSur-nada\ns\nAšSur-nada\nšu\nNabi-ilišu.\nEL 162\nAO 7156A\n(3)\n33.\nPartial debt\ntransfer","Teissier, Beatrice - Sealing and Seals on Texts from Kultepe Karum Level 2."
"Teissier, Beatrice - Sealing and Seals on Texts from Kultepe Karum Level 2. PIHANS 70, 1994.pdf",125,e57a9763-4a39-8e09-8e42-154b81112dbd,0.18962228570918377,Plg.\nE Adad-rabi\nEnnam-\nMad D1\nIdi-ASSur DIdi-Aššur\n\nSn-Suen s\nAmur-lussu\n2\nIsme-Adad s\nIšme-Adad\n[\n]1\nIdi-ASSur sI\ndi-Aš\nšurlik\nAššur-malik\n.)\nKKS 17 a,"PIHANS 70, 1994.pdf  127     43.\nUzubigkum\nUzubiškum\n\nUzubi§kum\nUzubiš..."
"Teissier, Beatrice - Sealing and Seals on Texts from Kultepe Karum Level 2. PIHANS 70, 1994.pdf",271,e57a9763-4a39-8e09-8e42-154b81112dbd,0.2480543761796909,256\nKurara\nINDICES\nX\n260\nKurub-I§tar\nAl-ahum\n35\nKurub-I§tar\nUrâja\n62,"Teissier, Beatrice - Sealing and Seals on Texts from Kultepe Karum Level 2."
"Teissier, Beatrice - Sealing and Seals on Texts from Kultepe Karum Level 2. PIHANS 70, 1994.pdf",276,1db97929-7f3e-42ec-8318-c7d90fb00263,0.45571470310589063,SEAL INSCRIPTIONS\n261\nSisisi\n339\nSuea (s Pülu-ken)\n502 (L),"Teissier, Beatrice - Sealing and Seals on Texts from Kultepe Karum Level 2."
"Teissier, Beatrice - Sealing and Seals on Texts from Kultepe Karum Level 2. PIHANS 70, 1994.pdf",276,1db97929-7f3e-42ec-8318-c7d90fb00263,0.45571470310589063,616 (L)\nSuen-nada\n267,"PIHANS 70, 1994.pdf  277     262\nINDICES\nEdin DUMU Abi\n591\nEnibašat DUM..."
"Teissier, Beatrice - Sealing and Seals on Texts from Kultepe Karum Level 2. PIHANS 70, 1994.pdf",277,1db97929-7f3e-42ec-8318-c7d90fb00263,0.5793606452161655,350b\ndNintu HUN.GÂ.ZA\n186\nPerua DUMU Hanu\n187\nPùšu-kén DUMU Suea\n37\n[Puz]ur-Ašgu[r] DUMU Elali\n270\nPuzur-Aššur DUMU La-qépum\n215\nPuzur-A-[Iur] DUMU Suen-n[ada]\n26\nPuzur-ili DUMU Sa-Hubur\n140\nPuzur-Ištar DUMU Su- dNI[N. SUBUR] (Su-Ilabrat)\n50\nPuzur-Ištar DUMU Su-Anim NU.BÀNDA\n183\nSatibra GAL hattim\n221\nSilli-Ištar DUMU I [ ]\n224\nSilli-Ištar DUMU Nania\n104\ndSamas dAja\n606,"PIHANS 70, 1994.pdf  276     SEAL INSCRIPTIONS\n261\nSisisi\n339\nSuea (s P..."
"Veenhof, Klaas R. - The Archive of Kuliya, Son of Ali-abum (Kt. 92-k 188-263). TTKY VI, AKT 5, 2008 (preprint).pdf",121,630b0dbe-3124-44ba-bd08-5b03c38ad771,0.5774398642508256,116\n\nTHE ARCHIVE OF KULIYA\n\nlar way he will pay to Kuliya what B£elu-b£ani owes him,"Veenhof, Klaas R."
"Veenhof, Klaas R. - The Archive of Kuliya, Son of Ali-abum (Kt. 92-k 188-263). TTKY VI, AKT 5, 2008 (preprint).pdf",121,630b0dbe-3124-44ba-bd08-5b03c38ad771,0.5774398642508256,a promise which amounts to a denial\nofAßßur-Ωulul£È’s accusations. The fourth contract probably links up with this affair,"- The Archive of Kuliya, Son of Ali-abum (Kt."
"Veenhof, Klaas R. - The Archive of Kuliya, Son of Ali-abum (Kt. 92-k 188-263). TTKY VI, AKT 5, 2008 (preprint).pdf",121,630b0dbe-3124-44ba-bd08-5b03c38ad771,0.5774398642508256,because it\ndocuments that Aßßur-em£uq£È had collected a sum of silver,92-k 188-263).
"Veenhof, Klaas R. - The Archive of Kuliya, Son of Ali-abum (Kt. 92-k 188-263). TTKY VI, AKT 5, 2008 (preprint).pdf",121,630b0dbe-3124-44ba-bd08-5b03c38ad771,0.5774398642508256,which somebody else (an agent,"TTKY VI, AKT 5, 2008 (preprint).pdf  122     III.3a - RECORDS OF SINGLE TRANSACTIONS (35-42..."
"Veenhof, Klaas R. - The Archive of Kuliya, Son of Ali-abum (Kt. 92-k 188-263). TTKY VI, AKT 5, 2008 (preprint).pdf",122,630b0dbe-3124-44ba-bd08-5b03c38ad771,0.5619406727673245,without my knowledge\n\ntám-kà-ar Bé-lúm-ba-ni a-hi-ka ta-tá-am-\nyou would have made an agreement with the\n\n[ gàr-ma\n\n[ creditor(s) of your brother and taken\n\nKÙ.B. tal-qé ú a-le KÙ-áp Bé-lúm-ba-ni\nthe silver! But,"- The Archive of Kuliya, Son of Ali-abum (Kt."
"Veenhof, Klaas R. - The Archive of Kuliya, Son of Ali-abum (Kt. 92-k 188-263). TTKY VI, AKT 5, 2008 (preprint).pdf",122,630b0dbe-3124-44ba-bd08-5b03c38ad771,0.5619406727673245,wherever silver of B£elum-b£ani\n\n[ i-ba-ßí-ú\n\n[ is available,92-k 188-263).
"Veenhof, Klaas R. - The Archive of Kuliya, Son of Ali-abum (Kt. 92-k 188-263). TTKY VI, AKT 5, 2008 (preprint).pdf",122,630b0dbe-3124-44ba-bd08-5b03c38ad771,0.5619406727673245,"you shall take nothing!\n\nmì-ma lá ta-lá-qé ßum-ma iß-tí tám-kà-ar\nIf you have made an agreement with\n\nBé-lúm-ba-ni ta-ta-am-gàr-ma KÙ.B.\nB£elum-b£ani's creditor(s) and have taken silver,\n\n[*tal!(TA)-té-qé*\n\n[ or have taken anything wherever\n40 lu a-le KÙ.B. Bé-lúm-ba-ni i-ba-ßí-ú mì-ma\nsilver of B£elum-b£ani is available,\n\ntal-té-qé a-ma-lá a-na Ku-li-a KÙ.B.\nyou shall pay all the silver he owes to Kuliya”.\n\n[ ha-bu-lu-ú\nAßßur-em£uq£È answered","TTKY VI, AKT 5, 2008 (preprint).pdf  123     118\n\nTHE ARCHIVE OF KULIYA\n\n44\n\nMemorand..."
"Veenhof, Klaas R. - The Archive of Kuliya, Son of Ali-abum (Kt. 92-k 188-263). TTKY VI, AKT 5, 2008 (preprint).pdf",123,42bf73e2-3abe-49ce-9950-2c4246131e52,0.455809166185264,118\n\nTHE ARCHIVE OF KULIYA\n\n44\n\nMemorandum on a large tablet broken in two joining pieces (upper part black,"Veenhof, Klaas R."
"Veenhof, Klaas R. - The Archive of Kuliya, Son of Ali-abum (Kt. 92-k 188-263). TTKY VI, AKT 5, 2008 (preprint).pdf",123,42bf73e2-3abe-49ce-9950-2c4246131e52,0.455809166185264,lower part cream),"- The Archive of Kuliya, Son of Ali-abum (Kt."
"Veenhof, Klaas R. - The Archive of Kuliya, Son of Ali-abum (Kt. 92-k 188-263). TTKY VI, AKT 5, 2008 (preprint).pdf",123,42bf73e2-3abe-49ce-9950-2c4246131e52,0.455809166185264,with\nthe texts of four contracts in which Kuliya figures as creditor,92-k 188-263).
"Veenhof, Klaas R. - The Archive of Kuliya, Son of Ali-abum (Kt. 92-k 188-263). TTKY VI, AKT 5, 2008 (preprint).pdf",123,42bf73e2-3abe-49ce-9950-2c4246131e52,0.455809166185264,two of which are dated,"TTKY VI, AKT 5, 2008 (preprint).pdf  122     III.3a - RECORDS OF SINGLE TRANSACTIONS (35-42..."
"Veenhof, Klaas R. - The Archive of Kuliya, Son of Ali-abum (Kt. 92-k 188-263). TTKY VI, AKT 5, 2008 (preprint).pdf",126,814ad661-c264-4d94-9c1e-2273334268e6,0.2638822544960421,120\n\nTHE ARCHIVE OF KULIYA\n\nDUMU I-ßar-ki-it-A-°ßùr˘ [KIÍIB K]u-na-na-a\nIßar-kitti-Aßßur,"Veenhof, Klaas R."
"Veenhof, Klaas R. - The Archive of Kuliya, Son of Ali-abum (Kt. 92-k 188-263). TTKY VI, AKT 5, 2008 (preprint).pdf",126,814ad661-c264-4d94-9c1e-2273334268e6,0.2638822544960421,seal of Kunnanaya.\n15’ 2 Gµ 10 ma-na URUDU ßí-kam i-na a-ba-an\n2 talents 10 minas of ßikkum copper,"- The Archive of Kuliya, Son of Ali-abum (Kt."
"Veenhof, Klaas R. - The Archive of Kuliya, Son of Ali-abum (Kt. 92-k 188-263). TTKY VI, AKT 5, 2008 (preprint).pdf",126,814ad661-c264-4d94-9c1e-2273334268e6,0.2638822544960421,son of Ali-abum.\n\ni-ßu iß-tù ITI.KAM Qá-ra-a-tim li-m[u-um]\nReckoning from month VIII,"TTKY VI, AKT 5, 2008 (preprint).pdf  127     122\n\nTHE ARCHIVE OF KULIYA\n\n18’ff."
"Veenhof, Klaas R. - The Archive of Kuliya, Son of Ali-abum (Kt. 92-k 188-263). TTKY VI, AKT 5, 2008 (preprint).pdf",126,814ad661-c264-4d94-9c1e-2273334268e6,0.2638822544960421,eponymy of\n\nA-ßùr-SIPAD DUMU ◊-lí-e-mu-qí ki-ma\nAßßur-r£e®£È,These l...
"Veenhof, Klaas R. - The Archive of Kuliya, Son of Ali-abum (Kt. 92-k 188-263). TTKY VI, AKT 5, 2008 (preprint).pdf",127,a753e885-08c0-49a2-9296-1c2d0e244c0b,0.25342090349957413,“My father is my god” – together with his\nband or fetter (riksum) is unique and note that Old Assyrian does not use one of the terms used in OB\nfor a slave’s fetter made of copper or bronze (kannum,"- The Archive of Kuliya, Son of Ali-abum (Kt."
"Veenhof, Klaas R. - The Archive of Kuliya, Son of Ali-abum (Kt. 92-k 188-263). TTKY VI, AKT 5, 2008 (preprint).pdf",127,a753e885-08c0-49a2-9296-1c2d0e244c0b,0.25342090349957413,maßkanum). The price is a problem,92-k 188-263).
"Veenhof, Klaas R. - The Archive of Kuliya, Son of Ali-abum (Kt. 92-k 188-263). TTKY VI, AKT 5, 2008 (preprint).pdf",127,a753e885-08c0-49a2-9296-1c2d0e244c0b,0.25342090349957413,since 3 1/2\nminas of silver would be unbelievably high,"TTKY VI, AKT 5, 2008 (preprint).pdf  128     III.3b - CONTRACTS AND DEPOSITIONS IN MEMORAND..."
"Veenhof, Klaas R. - The Archive of Kuliya, Son of Ali-abum (Kt. 92-k 188-263). TTKY VI, AKT 5, 2008 (preprint).pdf",127,a753e885-08c0-49a2-9296-1c2d0e244c0b,0.25342090349957413,while 3 1/2 shekels is very low. But perhaps the slave\nwas a boy and note the occasionally low prices of slaves (5 and 6 shekels of silver) in Kienast 1984\nnos. 5,128     III.3b - CONTRACTS AND DEPOSITIONS IN MEMORAND...
"Veenhof, Klaas R. - The Archive of Kuliya, Son of Ali-abum (Kt. 92-k 188-263). TTKY VI, AKT 5, 2008 (preprint).pdf",128,a753e885-08c0-49a2-9296-1c2d0e244c0b,0.4033356759788431,son of Bur-\nrev.\nIGI E-na-A-ßur DUMU E-<nu>-um-A-ßur\nSuen,"- The Archive of Kuliya, Son of Ali-abum (Kt."
"Veenhof, Klaas R. - The Archive of Kuliya, Son of Ali-abum (Kt. 92-k 188-263). TTKY VI, AKT 5, 2008 (preprint).pdf",128,a753e885-08c0-49a2-9296-1c2d0e244c0b,0.4033356759788431,of Ennam-Aßßur,92-k 188-263).
"Veenhof, Klaas R. - The Archive of Kuliya, Son of Ali-abum (Kt. 92-k 188-263). TTKY VI, AKT 5, 2008 (preprint).pdf",128,a753e885-08c0-49a2-9296-1c2d0e244c0b,0.4033356759788431,"son of Ennum-Aßßur,\n\nIGI E-na-A-ßur DUMU Pì-lá-ah-Ißtar\nof Ennam-Aßßur","TTKY VI, AKT 5, 2008 (preprint).pdf  129     124\n\nTHE ARCHIVE OF KULIYA\n\n(aban m£atim),..."
"Veenhof, Klaas R. - The Archive of Kuliya, Son of Ali-abum (Kt. 92-k 188-263). TTKY VI, AKT 5, 2008 (preprint).pdf",132,dff850c8-ccd4-44a9-9994-2834ca832a6d,0.2942156954615721,who had\nearlier on witnessed a confrontation between two parties,"- The Archive of Kuliya, Son of Ali-abum (Kt."
"Veenhof, Klaas R. - The Archive of Kuliya, Son of Ali-abum (Kt. 92-k 188-263). TTKY VI, AKT 5, 2008 (preprint).pdf",132,dff850c8-ccd4-44a9-9994-2834ca832a6d,0.2942156954615721,one of which consists of more than one\nperson (line 11,92-k 188-263).
"Veenhof, Klaas R. - The Archive of Kuliya, Son of Ali-abum (Kt. 92-k 188-263). TTKY VI, AKT 5, 2008 (preprint).pdf",132,dff850c8-ccd4-44a9-9994-2834ca832a6d,0.2942156954615721,-kun£utini). But since the text continues after line 19 without marking the beginning of\na new record and uses a second person sing. (l. 23,"TTKY VI, AKT 5, 2008 (preprint).pdf  133     128\n\nTHE ARCHIVE OF KULIYA\n\n1 ma-na KÙ.B."
"Veenhof, Klaas R. - The Archive of Kuliya, Son of Ali-abum (Kt. 92-k 188-263). TTKY VI, AKT 5, 2008 (preprint).pdf",133,dff850c8-ccd4-44a9-9994-2834ca832a6d,0.6037361956318313,[all together]\n\nthey paid 5 minas and 7 1/2 shekels of silver [\n]\n\nand the 3 black donkeys and 170 [minas of copper of],Various memorandums (50-61)\n\n50\n\nLarge ...
"Veenhof, Klaas R. - The Archive of Kuliya, Son of Ali-abum (Kt. 92-k 188-263). TTKY VI, AKT 5, 2008 (preprint).pdf",136,937e71fb-57c8-46c0-afbc-48f9429886e4,0.2549491330684808,III.4 - VARIOUS MEMORANDUMS (50-61) 131\n\nma] is inspired by line 15,"Veenhof, Klaas R."
"Veenhof, Klaas R. - The Archive of Kuliya, Son of Ali-abum (Kt. 92-k 188-263). TTKY VI, AKT 5, 2008 (preprint).pdf",136,937e71fb-57c8-46c0-afbc-48f9429886e4,0.2549491330684808,but one could also restore i[Ω-hi-ir/ru-ma],"- The Archive of Kuliya, Son of Ali-abum (Kt."
"Veenhof, Klaas R. - The Archive of Kuliya, Son of Ali-abum (Kt. 92-k 188-263). TTKY VI, AKT 5, 2008 (preprint).pdf",136,937e71fb-57c8-46c0-afbc-48f9429886e4,0.2549491330684808,“were deducted”,92-k 188-263).
"Veenhof, Klaas R. - The Archive of Kuliya, Son of Ali-abum (Kt. 92-k 188-263). TTKY VI, AKT 5, 2008 (preprint).pdf",136,937e71fb-57c8-46c0-afbc-48f9429886e4,0.2549491330684808,as in line 5.\n36. Note the assimilation in aßkußßunu.\n37f. These lines suggest that there were two different Aninaya’s,"TTKY VI, AKT 5, 2008 (preprint).pdf  137     132\n\nTHE ARCHIVE OF KULIYA\n\na-hi-ßa-a IGI ..."
"Veenhof, Klaas R. - The Archive of Kuliya, Son of Ali-abum (Kt. 92-k 188-263). TTKY VI, AKT 5, 2008 (preprint).pdf",137,937e71fb-57c8-46c0-afbc-48f9429886e4,0.48003786322086406,132\n\nTHE ARCHIVE OF KULIYA\n\na-hi-ßa-a IGI Ma-num-ki-A-ßur DUMU\nof Mannum-k£È-Aßßur,"Veenhof, Klaas R."
"Veenhof, Klaas R. - The Archive of Kuliya, Son of Ali-abum (Kt. 92-k 188-263). TTKY VI, AKT 5, 2008 (preprint).pdf",137,937e71fb-57c8-46c0-afbc-48f9429886e4,0.48003786322086406,"son of Il£È-w£ed£aku,\n\n[ Il5-we-da-ku\n\ni-na Tù-úh-pì-a a-dí-ßí-im ßa-bu-a-at\nI gave her in Tuhpiya. She is satisfied","- The Archive of Kuliya, Son of Ali-abum (Kt."
"Veenhof, Klaas R. - The Archive of Kuliya, Son of Ali-abum (Kt. 92-k 188-263). TTKY VI, AKT 5, 2008 (preprint).pdf",137,937e71fb-57c8-46c0-afbc-48f9429886e4,0.48003786322086406,then I have a claim on\n\ni-Ωé-ri-ßa-a i-ßu 13 G√N KÙ.B. a-ßu-mì\nher for the (figurines of the) gods. In the\n\nE-na-A-ßùr DUMU Da-da-nim A-ßùr-e-mu-qí\nname of Ennam-Aßßur,"TTKY VI, AKT 5, 2008 (preprint).pdf  136     III.4 - VARIOUS MEMORANDUMS (50-61) 131\n\nma]..."
"Veenhof, Klaas R. - The Archive of Kuliya, Son of Ali-abum (Kt. 92-k 188-263). TTKY VI, AKT 5, 2008 (preprint).pdf",139,95445314-2aa6-4e78-85d3-58bb252ffdc8,0.44537463867800886,which\n\nA-ta-na-ah,"- The Archive of Kuliya, Son of Ali-abum (Kt."
"Veenhof, Klaas R. - The Archive of Kuliya, Son of Ali-abum (Kt. 92-k 188-263). TTKY VI, AKT 5, 2008 (preprint).pdf",139,95445314-2aa6-4e78-85d3-58bb252ffdc8,0.44537463867800886,a-dí-nu-ßu-ni\nI had given to Atanah,92-k 188-263).
"Veenhof, Klaas R. - The Archive of Kuliya, Son of Ali-abum (Kt. 92-k 188-263). TTKY VI, AKT 5, 2008 (preprint).pdf",139,95445314-2aa6-4e78-85d3-58bb252ffdc8,0.44537463867800886,he gave\n\n4 G√N KÙ.B. a-na A-°hu˘-[qar?]\n4 shekels of silver to Ah[u-waqar]?;\n5\ni-dí-in 12 L‰ 1/6 G√N [KÙ.B.]\n11 5/6 shekels of [silver]\n\na-na Bé-lúm-ba-ni i-[dí-in]\nhe [gave] to B£elum-b£ani.\n\n7 G√N KÙ.B. hu-bu-u[l x x (x)]\n7 shekels of silver,"TTKY VI, AKT 5, 2008 (preprint).pdf  140     III.4 - VARIOUS MEMORANDUMS (50-61) 135\n\nub-..."
"Veenhof, Klaas R. - The Archive of Kuliya, Son of Ali-abum (Kt. 92-k 188-263). TTKY VI, AKT 5, 2008 (preprint).pdf",141,826445f1-9a31-413c-9c0a-b7c823953a37,0.28221747185265655,which on behalf\n\n[Ṭá-/ki-i\n\n[of Anah-il£È,"- The Archive of Kuliya, Son of Ali-abum (Kt."
"Veenhof, Klaas R. - The Archive of Kuliya, Son of Ali-abum (Kt. 92-k 188-263). TTKY VI, AKT 5, 2008 (preprint).pdf",141,826445f1-9a31-413c-9c0a-b7c823953a37,0.28221747185265655,"the son of Ṭ£ak£È,\n\nA-ßùr-DÙG DUMU A-bu-ßa-lim a-pu-lu\nI guaranteed to Aßßur-†£ab",92-k 188-263).
"Veenhof, Klaas R. - The Archive of Kuliya, Son of Ali-abum (Kt. 92-k 188-263). TTKY VI, AKT 5, 2008 (preprint).pdf",141,826445f1-9a31-413c-9c0a-b7c823953a37,0.28221747185265655,"son of Abu-ßalim,\n\nna-áß-pè-er-tám ßa A-ßùr-DÙG A-ßùr-ma-/lik\nAßßur-m£alik brought me a letter of\n\ni-ni-iß-am um-ma ßu-ut-ma\nAßßur-†£ab","TTKY VI, AKT 5, 2008 (preprint).pdf  140     III.4 - VARIOUS MEMORANDUMS (50-61) 135\n\nub-..."
"Veenhof, Klaas R. - The Archive of Kuliya, Son of Ali-abum (Kt. 92-k 188-263). TTKY VI, AKT 5, 2008 (preprint).pdf",155,997e6bd5-6fc7-4bd2-9ba8-6f5873d6a990,0.5848496194253834,4.7 x 5.8 cm),"- The Archive of Kuliya, Son of Ali-abum (Kt."
"Veenhof, Klaas R. - The Archive of Kuliya, Son of Ali-abum (Kt. 92-k 188-263). TTKY VI, AKT 5, 2008 (preprint).pdf",155,997e6bd5-6fc7-4bd2-9ba8-6f5873d6a990,0.5848496194253834,photo 26.\n(variants only,92-k 188-263).
"Veenhof, Klaas R. - The Archive of Kuliya, Son of Ali-abum (Kt. 92-k 188-263). TTKY VI, AKT 5, 2008 (preprint).pdf",155,997e6bd5-6fc7-4bd2-9ba8-6f5873d6a990,0.5848496194253834,with // in 64).\n\n1. †up-pu-um ßa ba-áb DINGIR ßa 2 Kà-nu-tim a-ßa-at\n63:15 and 64:18f.,"TTKY VI, AKT 5, 2008 (preprint).pdf  156     III.4 – LISTS OF TABLETS ( 62-69) 151\n\n64\n\..."
"Veenhof, Klaas R. - The Archive of Kuliya, Son of Ali-abum (Kt. 92-k 188-263). TTKY VI, AKT 5, 2008 (preprint).pdf",156,a38d4d84-5c29-4edc-894b-95fe741920bb,0.5341354977949843,III.4 – LISTS OF TABLETS ( 62-69) 151\n\n64\n\nList of 21 tablets placed in a tamalakkum,"Veenhof, Klaas R."
"Veenhof, Klaas R. - The Archive of Kuliya, Son of Ali-abum (Kt. 92-k 188-263). TTKY VI, AKT 5, 2008 (preprint).pdf",156,a38d4d84-5c29-4edc-894b-95fe741920bb,0.5341354977949843,largely parallel to that of 62-63. It omits the tablets\nnumbered there 6,"- The Archive of Kuliya, Son of Ali-abum (Kt."
"Veenhof, Klaas R. - The Archive of Kuliya, Son of Ali-abum (Kt. 92-k 188-263). TTKY VI, AKT 5, 2008 (preprint).pdf",156,a38d4d84-5c29-4edc-894b-95fe741920bb,0.5341354977949843,and 18 and for some tablets more details are given,92-k 188-263).
"Veenhof, Klaas R. - The Archive of Kuliya, Son of Ali-abum (Kt. 92-k 188-263). TTKY VI, AKT 5, 2008 (preprint).pdf",156,a38d4d84-5c29-4edc-894b-95fe741920bb,0.5341354977949843,tablet 1 of 62 figures\nhere (with the words aßßat Il£È-b£ani) after tablet 9,"TTKY VI, AKT 5, 2008 (preprint).pdf  155     150\n\nTHE ARCHIVE OF KULIYA\n\nB."
"Veenhof, Klaas R. - The Archive of Kuliya, Son of Ali-abum (Kt. 92-k 188-263). TTKY VI, AKT 5, 2008 (preprint).pdf",156,a38d4d84-5c29-4edc-894b-95fe741920bb,0.5341354977949843,as also happens in 63.\nKt 92/k 226 (1-186-92,The texts\n...
"Veenhof, Klaas R. - The Archive of Kuliya, Son of Ali-abum (Kt. 92-k 188-263). TTKY VI, AKT 5, 2008 (preprint).pdf",156,a38d4d84-5c29-4edc-894b-95fe741920bb,0.5341354977949843,"6 x 4,9 cm",155     150\n\nTHE ARCHIVE OF KULIYA\n\nB.
"Veenhof, Klaas R. - The Archive of Kuliya, Son of Ali-abum (Kt. 92-k 188-263). TTKY VI, AKT 5, 2008.pdf",121,630b0dbe-3124-44ba-bd08-5b03c38ad771,0.5774398642508256,116\n\nTHE ARCHIVE OF KULIYA\n\nlar way he will pay to Kuliya what B£elu-b£ani owes him,"Veenhof, Klaas R."
"Veenhof, Klaas R. - The Archive of Kuliya, Son of Ali-abum (Kt. 92-k 188-263). TTKY VI, AKT 5, 2008.pdf",121,630b0dbe-3124-44ba-bd08-5b03c38ad771,0.5774398642508256,a promise which amounts to a denial\nofAßßur-Ωulul£È’s accusations. The fourth contract probably links up with this affair,"- The Archive of Kuliya, Son of Ali-abum (Kt."
"Veenhof, Klaas R. - The Archive of Kuliya, Son of Ali-abum (Kt. 92-k 188-263). TTKY VI, AKT 5, 2008.pdf",121,630b0dbe-3124-44ba-bd08-5b03c38ad771,0.5774398642508256,because it\ndocuments that Aßßur-em£uq£È had collected a sum of silver,92-k 188-263).
"Veenhof, Klaas R. - The Archive of Kuliya, Son of Ali-abum (Kt. 92-k 188-263). TTKY VI, AKT 5, 2008.pdf",121,630b0dbe-3124-44ba-bd08-5b03c38ad771,0.5774398642508256,which somebody else (an agent,"TTKY VI, AKT 5, 2008.pdf  122     III.3a - RECORDS OF SINGLE TRANSACTIONS (35-42..."
"Veenhof, Klaas R. - The Archive of Kuliya, Son of Ali-abum (Kt. 92-k 188-263). TTKY VI, AKT 5, 2008.pdf",122,630b0dbe-3124-44ba-bd08-5b03c38ad771,0.5619406727673245,without my knowledge\n\ntám-kà-ar Bé-lúm-ba-ni a-hi-ka ta-tá-am-\nyou would have made an agreement with the\n\n[ gàr-ma\n\n[ creditor(s) of your brother and taken\n\nKÙ.B. tal-qé ú a-le KÙ-áp Bé-lúm-ba-ni\nthe silver! But,"- The Archive of Kuliya, Son of Ali-abum (Kt."
"Veenhof, Klaas R. - The Archive of Kuliya, Son of Ali-abum (Kt. 92-k 188-263). TTKY VI, AKT 5, 2008.pdf",122,630b0dbe-3124-44ba-bd08-5b03c38ad771,0.5619406727673245,wherever silver of B£elum-b£ani\n\n[ i-ba-ßí-ú\n\n[ is available,92-k 188-263).
"Veenhof, Klaas R. - The Archive of Kuliya, Son of Ali-abum (Kt. 92-k 188-263). TTKY VI, AKT 5, 2008.pdf",122,630b0dbe-3124-44ba-bd08-5b03c38ad771,0.5619406727673245,"you shall take nothing!\n\nmì-ma lá ta-lá-qé ßum-ma iß-tí tám-kà-ar\nIf you have made an agreement with\n\nBé-lúm-ba-ni ta-ta-am-gàr-ma KÙ.B.\nB£elum-b£ani's creditor(s) and have taken silver,\n\n[*tal!(TA)-té-qé*\n\n[ or have taken anything wherever\n40 lu a-le KÙ.B. Bé-lúm-ba-ni i-ba-ßí-ú mì-ma\nsilver of B£elum-b£ani is available,\n\ntal-té-qé a-ma-lá a-na Ku-li-a KÙ.B.\nyou shall pay all the silver he owes to Kuliya”.\n\n[ ha-bu-lu-ú\nAßßur-em£uq£È answered","TTKY VI, AKT 5, 2008.pdf  123     118\n\nTHE ARCHIVE OF KULIYA\n\n44\n\nMemorand..."
"Veenhof, Klaas R. - The Archive of Kuliya, Son of Ali-abum (Kt. 92-k 188-263). TTKY VI, AKT 5, 2008.pdf",123,42bf73e2-3abe-49ce-9950-2c4246131e52,0.455809166185264,118\n\nTHE ARCHIVE OF KULIYA\n\n44\n\nMemorandum on a large tablet broken in two joining pieces (upper part black,"Veenhof, Klaas R."
"Veenhof, Klaas R. - The Archive of Kuliya, Son of Ali-abum (Kt. 92-k 188-263). TTKY VI, AKT 5, 2008.pdf",123,42bf73e2-3abe-49ce-9950-2c4246131e52,0.455809166185264,lower part cream),"- The Archive of Kuliya, Son of Ali-abum (Kt."
"Veenhof, Klaas R. - The Archive of Kuliya, Son of Ali-abum (Kt. 92-k 188-263). TTKY VI, AKT 5, 2008.pdf",123,42bf73e2-3abe-49ce-9950-2c4246131e52,0.455809166185264,with\nthe texts of four contracts in which Kuliya figures as creditor,92-k 188-263).
"Veenhof, Klaas R. - The Archive of Kuliya, Son of Ali-abum (Kt. 92-k 188-263). TTKY VI, AKT 5, 2008.pdf",123,42bf73e2-3abe-49ce-9950-2c4246131e52,0.455809166185264,two of which are dated,"TTKY VI, AKT 5, 2008.pdf  122     III.3a - RECORDS OF SINGLE TRANSACTIONS (35-42..."
"Veenhof, Klaas R. - The Archive of Kuliya, Son of Ali-abum (Kt. 92-k 188-263). TTKY VI, AKT 5, 2008.pdf",126,814ad661-c264-4d94-9c1e-2273334268e6,0.2638822544960421,120\n\nTHE ARCHIVE OF KULIYA\n\nDUMU I-ßar-ki-it-A-°ßùr˘ [KIÍIB K]u-na-na-a\nIßar-kitti-Aßßur,"Veenhof, Klaas R."
"Veenhof, Klaas R. - The Archive of Kuliya, Son of Ali-abum (Kt. 92-k 188-263). TTKY VI, AKT 5, 2008.pdf",126,814ad661-c264-4d94-9c1e-2273334268e6,0.2638822544960421,seal of Kunnanaya.\n15’ 2 Gµ 10 ma-na URUDU ßí-kam i-na a-ba-an\n2 talents 10 minas of ßikkum copper,"- The Archive of Kuliya, Son of Ali-abum (Kt."
"Veenhof, Klaas R. - The Archive of Kuliya, Son of Ali-abum (Kt. 92-k 188-263). TTKY VI, AKT 5, 2008.pdf",126,814ad661-c264-4d94-9c1e-2273334268e6,0.2638822544960421,son of Ali-abum.\n\ni-ßu iß-tù ITI.KAM Qá-ra-a-tim li-m[u-um]\nReckoning from month VIII,"TTKY VI, AKT 5, 2008.pdf  127     122\n\nTHE ARCHIVE OF KULIYA\n\n18’ff."
"Veenhof, Klaas R. - The Archive of Kuliya, Son of Ali-abum (Kt. 92-k 188-263). TTKY VI, AKT 5, 2008.pdf",126,814ad661-c264-4d94-9c1e-2273334268e6,0.2638822544960421,eponymy of\n\nA-ßùr-SIPAD DUMU ◊-lí-e-mu-qí ki-ma\nAßßur-r£e®£È,These l...
"Veenhof, Klaas R. - The Archive of Kuliya, Son of Ali-abum (Kt. 92-k 188-263). TTKY VI, AKT 5, 2008.pdf",127,a753e885-08c0-49a2-9296-1c2d0e244c0b,0.25342090349957413,“My father is my god” – together with his\nband or fetter (riksum) is unique and note that Old Assyrian does not use one of the terms used in OB\nfor a slave’s fetter made of copper or bronze (kannum,"- The Archive of Kuliya, Son of Ali-abum (Kt."
"Veenhof, Klaas R. - The Archive of Kuliya, Son of Ali-abum (Kt. 92-k 188-263). TTKY VI, AKT 5, 2008.pdf",127,a753e885-08c0-49a2-9296-1c2d0e244c0b,0.25342090349957413,maßkanum). The price is a problem,92-k 188-263).
"Veenhof, Klaas R. - The Archive of Kuliya, Son of Ali-abum (Kt. 92-k 188-263). TTKY VI, AKT 5, 2008.pdf",127,a753e885-08c0-49a2-9296-1c2d0e244c0b,0.25342090349957413,since 3 1/2\nminas of silver would be unbelievably high,"TTKY VI, AKT 5, 2008.pdf  128     III.3b - CONTRACTS AND DEPOSITIONS IN MEMORAND..."
"Veenhof, Klaas R. - The Archive of Kuliya, Son of Ali-abum (Kt. 92-k 188-263). TTKY VI, AKT 5, 2008.pdf",127,a753e885-08c0-49a2-9296-1c2d0e244c0b,0.25342090349957413,while 3 1/2 shekels is very low. But perhaps the slave\nwas a boy and note the occasionally low prices of slaves (5 and 6 shekels of silver) in Kienast 1984\nnos. 5,128     III.3b - CONTRACTS AND DEPOSITIONS IN MEMORAND...
"Veenhof, Klaas R. - The Archive of Kuliya, Son of Ali-abum (Kt. 92-k 188-263). TTKY VI, AKT 5, 2008.pdf",128,a753e885-08c0-49a2-9296-1c2d0e244c0b,0.4033356759788431,son of Bur-\nrev.\nIGI E-na-A-ßur DUMU E-<nu>-um-A-ßur\nSuen,"- The Archive of Kuliya, Son of Ali-abum (Kt."
"Veenhof, Klaas R. - The Archive of Kuliya, Son of Ali-abum (Kt. 92-k 188-263). TTKY VI, AKT 5, 2008.pdf",128,a753e885-08c0-49a2-9296-1c2d0e244c0b,0.4033356759788431,of Ennam-Aßßur,92-k 188-263).
"Veenhof, Klaas R. - The Archive of Kuliya, Son of Ali-abum (Kt. 92-k 188-263). TTKY VI, AKT 5, 2008.pdf",128,a753e885-08c0-49a2-9296-1c2d0e244c0b,0.4033356759788431,"son of Ennum-Aßßur,\n\nIGI E-na-A-ßur DUMU Pì-lá-ah-Ißtar\nof Ennam-Aßßur","TTKY VI, AKT 5, 2008.pdf  129     124\n\nTHE ARCHIVE OF KULIYA\n\n(aban m£atim),..."
"Veenhof, Klaas R. - The Archive of Kuliya, Son of Ali-abum (Kt. 92-k 188-263). TTKY VI, AKT 5, 2008.pdf",132,dff850c8-ccd4-44a9-9994-2834ca832a6d,0.2942156954615721,who had\nearlier on witnessed a confrontation between two parties,"- The Archive of Kuliya, Son of Ali-abum (Kt."
"Veenhof, Klaas R. - The Archive of Kuliya, Son of Ali-abum (Kt. 92-k 188-263). TTKY VI, AKT 5, 2008.pdf",132,dff850c8-ccd4-44a9-9994-2834ca832a6d,0.2942156954615721,one of which consists of more than one\nperson (line 11,92-k 188-263).
"Veenhof, Klaas R. - The Archive of Kuliya, Son of Ali-abum (Kt. 92-k 188-263). TTKY VI, AKT 5, 2008.pdf",132,dff850c8-ccd4-44a9-9994-2834ca832a6d,0.2942156954615721,-kun£utini). But since the text continues after line 19 without marking the beginning of\na new record and uses a second person sing. (l. 23,"TTKY VI, AKT 5, 2008.pdf  133     128\n\nTHE ARCHIVE OF KULIYA\n\n1 ma-na KÙ.B."
"Veenhof, Klaas R. - The Archive of Kuliya, Son of Ali-abum (Kt. 92-k 188-263). TTKY VI, AKT 5, 2008.pdf",133,dff850c8-ccd4-44a9-9994-2834ca832a6d,0.6037361956318313,[all together]\n\nthey paid 5 minas and 7 1/2 shekels of silver [\n]\n\nand the 3 black donkeys and 170 [minas of copper of],Various memorandums (50-61)\n\n50\n\nLarge ...
"Veenhof, Klaas R. - The Archive of Kuliya, Son of Ali-abum (Kt. 92-k 188-263). TTKY VI, AKT 5, 2008.pdf",136,937e71fb-57c8-46c0-afbc-48f9429886e4,0.2549491330684808,III.4 - VARIOUS MEMORANDUMS (50-61) 131\n\nma] is inspired by line 15,"Veenhof, Klaas R."
"Veenhof, Klaas R. - The Archive of Kuliya, Son of Ali-abum (Kt. 92-k 188-263). TTKY VI, AKT 5, 2008.pdf",136,937e71fb-57c8-46c0-afbc-48f9429886e4,0.2549491330684808,but one could also restore i[Ω-hi-ir/ru-ma],"- The Archive of Kuliya, Son of Ali-abum (Kt."
"Veenhof, Klaas R. - The Archive of Kuliya, Son of Ali-abum (Kt. 92-k 188-263). TTKY VI, AKT 5, 2008.pdf",136,937e71fb-57c8-46c0-afbc-48f9429886e4,0.2549491330684808,“were deducted”,92-k 188-263).
"Veenhof, Klaas R. - The Archive of Kuliya, Son of Ali-abum (Kt. 92-k 188-263). TTKY VI, AKT 5, 2008.pdf",136,937e71fb-57c8-46c0-afbc-48f9429886e4,0.2549491330684808,as in line 5.\n36. Note the assimilation in aßkußßunu.\n37f. These lines suggest that there were two different Aninaya’s,"TTKY VI, AKT 5, 2008.pdf  137     132\n\nTHE ARCHIVE OF KULIYA\n\na-hi-ßa-a IGI ..."
"Veenhof, Klaas R. - The Archive of Kuliya, Son of Ali-abum (Kt. 92-k 188-263). TTKY VI, AKT 5, 2008.pdf",137,937e71fb-57c8-46c0-afbc-48f9429886e4,0.48003786322086406,132\n\nTHE ARCHIVE OF KULIYA\n\na-hi-ßa-a IGI Ma-num-ki-A-ßur DUMU\nof Mannum-k£È-Aßßur,"Veenhof, Klaas R."
"Veenhof, Klaas R. - The Archive of Kuliya, Son of Ali-abum (Kt. 92-k 188-263). TTKY VI, AKT 5, 2008.pdf",137,937e71fb-57c8-46c0-afbc-48f9429886e4,0.48003786322086406,"son of Il£È-w£ed£aku,\n\n[ Il5-we-da-ku\n\ni-na Tù-úh-pì-a a-dí-ßí-im ßa-bu-a-at\nI gave her in Tuhpiya. She is satisfied","- The Archive of Kuliya, Son of Ali-abum (Kt."
"Veenhof, Klaas R. - The Archive of Kuliya, Son of Ali-abum (Kt. 92-k 188-263). TTKY VI, AKT 5, 2008.pdf",137,937e71fb-57c8-46c0-afbc-48f9429886e4,0.48003786322086406,then I have a claim on\n\ni-Ωé-ri-ßa-a i-ßu 13 G√N KÙ.B. a-ßu-mì\nher for the (figurines of the) gods. In the\n\nE-na-A-ßùr DUMU Da-da-nim A-ßùr-e-mu-qí\nname of Ennam-Aßßur,"TTKY VI, AKT 5, 2008.pdf  136     III.4 - VARIOUS MEMORANDUMS (50-61) 131\n\nma]..."
"Veenhof, Klaas R. - The Archive of Kuliya, Son of Ali-abum (Kt. 92-k 188-263). TTKY VI, AKT 5, 2008.pdf",139,95445314-2aa6-4e78-85d3-58bb252ffdc8,0.44537463867800886,which\n\nA-ta-na-ah,"- The Archive of Kuliya, Son of Ali-abum (Kt."
"Veenhof, Klaas R. - The Archive of Kuliya, Son of Ali-abum (Kt. 92-k 188-263). TTKY VI, AKT 5, 2008.pdf",139,95445314-2aa6-4e78-85d3-58bb252ffdc8,0.44537463867800886,a-dí-nu-ßu-ni\nI had given to Atanah,92-k 188-263).
"Veenhof, Klaas R. - The Archive of Kuliya, Son of Ali-abum (Kt. 92-k 188-263). TTKY VI, AKT 5, 2008.pdf",139,95445314-2aa6-4e78-85d3-58bb252ffdc8,0.44537463867800886,he gave\n\n4 G√N KÙ.B. a-na A-°hu˘-[qar?]\n4 shekels of silver to Ah[u-waqar]?;\n5\ni-dí-in 12 L‰ 1/6 G√N [KÙ.B.]\n11 5/6 shekels of [silver]\n\na-na Bé-lúm-ba-ni i-[dí-in]\nhe [gave] to B£elum-b£ani.\n\n7 G√N KÙ.B. hu-bu-u[l x x (x)]\n7 shekels of silver,"TTKY VI, AKT 5, 2008.pdf  140     III.4 - VARIOUS MEMORANDUMS (50-61) 135\n\nub-..."
"Veenhof, Klaas R. - The Archive of Kuliya, Son of Ali-abum (Kt. 92-k 188-263). TTKY VI, AKT 5, 2008.pdf",141,826445f1-9a31-413c-9c0a-b7c823953a37,0.28221747185265655,which on behalf\n\n[Ṭá-/ki-i\n\n[of Anah-il£È,"- The Archive of Kuliya, Son of Ali-abum (Kt."
"Veenhof, Klaas R. - The Archive of Kuliya, Son of Ali-abum (Kt. 92-k 188-263). TTKY VI, AKT 5, 2008.pdf",141,826445f1-9a31-413c-9c0a-b7c823953a37,0.28221747185265655,"the son of Ṭ£ak£È,\n\nA-ßùr-DÙG DUMU A-bu-ßa-lim a-pu-lu\nI guaranteed to Aßßur-†£ab",92-k 188-263).
"Veenhof, Klaas R. - The Archive of Kuliya, Son of Ali-abum (Kt. 92-k 188-263). TTKY VI, AKT 5, 2008.pdf",141,826445f1-9a31-413c-9c0a-b7c823953a37,0.28221747185265655,"son of Abu-ßalim,\n\nna-áß-pè-er-tám ßa A-ßùr-DÙG A-ßùr-ma-/lik\nAßßur-m£alik brought me a letter of\n\ni-ni-iß-am um-ma ßu-ut-ma\nAßßur-†£ab","TTKY VI, AKT 5, 2008.pdf  140     III.4 - VARIOUS MEMORANDUMS (50-61) 135\n\nub-..."
"Veenhof, Klaas R. - The Archive of Kuliya, Son of Ali-abum (Kt. 92-k 188-263). TTKY VI, AKT 5, 2008.pdf",155,997e6bd5-6fc7-4bd2-9ba8-6f5873d6a990,0.5848496194253834,4.7 x 5.8 cm),"- The Archive of Kuliya, Son of Ali-abum (Kt."
"Veenhof, Klaas R. - The Archive of Kuliya, Son of Ali-abum (Kt. 92-k 188-263). TTKY VI, AKT 5, 2008.pdf",155,997e6bd5-6fc7-4bd2-9ba8-6f5873d6a990,0.5848496194253834,photo 26.\n(variants only,92-k 188-263).
"Veenhof, Klaas R. - The Archive of Kuliya, Son of Ali-abum (Kt. 92-k 188-263). TTKY VI, AKT 5, 2008.pdf",155,997e6bd5-6fc7-4bd2-9ba8-6f5873d6a990,0.5848496194253834,with // in 64).\n\n1. †up-pu-um ßa ba-áb DINGIR ßa 2 Kà-nu-tim a-ßa-at\n63:15 and 64:18f.,"TTKY VI, AKT 5, 2008.pdf  156     III.4 – LISTS OF TABLETS ( 62-69) 151\n\n64\n\..."
"Veenhof, Klaas R. - The Archive of Kuliya, Son of Ali-abum (Kt. 92-k 188-263). TTKY VI, AKT 5, 2008.pdf",156,a38d4d84-5c29-4edc-894b-95fe741920bb,0.5341354977949843,III.4 – LISTS OF TABLETS ( 62-69) 151\n\n64\n\nList of 21 tablets placed in a tamalakkum,"Veenhof, Klaas R."
"Veenhof, Klaas R. - The Archive of Kuliya, Son of Ali-abum (Kt. 92-k 188-263). TTKY VI, AKT 5, 2008.pdf",156,a38d4d84-5c29-4edc-894b-95fe741920bb,0.5341354977949843,largely parallel to that of 62-63. It omits the tablets\nnumbered there 6,"- The Archive of Kuliya, Son of Ali-abum (Kt."
"Veenhof, Klaas R. - The Archive of Kuliya, Son of Ali-abum (Kt. 92-k 188-263). TTKY VI, AKT 5, 2008.pdf",156,a38d4d84-5c29-4edc-894b-95fe741920bb,0.5341354977949843,and 18 and for some tablets more details are given,92-k 188-263).
"Veenhof, Klaas R. - The Archive of Kuliya, Son of Ali-abum (Kt. 92-k 188-263). TTKY VI, AKT 5, 2008.pdf",156,a38d4d84-5c29-4edc-894b-95fe741920bb,0.5341354977949843,tablet 1 of 62 figures\nhere (with the words aßßat Il£È-b£ani) after tablet 9,"TTKY VI, AKT 5, 2008.pdf  155     150\n\nTHE ARCHIVE OF KULIYA\n\nB."
"Veenhof, Klaas R. - The Archive of Kuliya, Son of Ali-abum (Kt. 92-k 188-263). TTKY VI, AKT 5, 2008.pdf",156,a38d4d84-5c29-4edc-894b-95fe741920bb,0.5341354977949843,as also happens in 63.\nKt 92/k 226 (1-186-92,The texts\n...
"Veenhof, Klaas R. - The Archive of Kuliya, Son of Ali-abum (Kt. 92-k 188-263). TTKY VI, AKT 5, 2008.pdf",156,a38d4d84-5c29-4edc-894b-95fe741920bb,0.5341354977949843,"6 x 4,9 cm",155     150\n\nTHE ARCHIVE OF KULIYA\n\nB.
"Veenhof, Klaas R. ed. - Houses and Households in Ancient Mesopotamia, RAI 40. PIHANS 78, 1996 (2).pdf",99,54ba1b4d-8ef0-4a88-a95a-1cba63d19415,0.20714836234603165,182\nE. ROBSON\nBUILDING WITH BRICKS AND MORTAR\n183\nbuilding materials,"Veenhof, Klaas R."
"Veenhof, Klaas R. ed. - Houses and Households in Ancient Mesopotamia, RAI 40. PIHANS 78, 1996 (2).pdf",99,54ba1b4d-8ef0-4a88-a95a-1cba63d19415,0.20714836234603165,digging canals and building different sorts of walls,"- Houses and Households in Ancient Mesopotamia, RAI 40."
"Veenhof, Klaas R. ed. - Houses and Households in Ancient Mesopotamia, RAI 40. PIHANS 78, 1996 (2).pdf",99,54ba1b4d-8ef0-4a88-a95a-1cba63d19415,0.20714836234603165,as well as\nrates of pay2. There is also a sophisticated system for counting standardised bricks\nand estimating how many will be needed [Powell 1982,"PIHANS 78, 1996 (2).pdf  100     BM 96957 Obvt\n141i72:Ft4g1TW-V64,41*14T\nszAo..."
"Veenhof, Klaas R. ed. - Houses and Households in Ancient Mesopotamia, RAI 40. PIHANS 78, 1996 (2).pdf",100,54ba1b4d-8ef0-4a88-a95a-1cba63d19415,0.24752908708900537,"BM 96957 Obvt\n141i72:Ft4g1TW-V64,41*14T\nszAoval.'. 9 ._..y=","Veenhof, Klaas R."
"Veenhof, Klaas R. ed. - Houses and Households in Ancient Mesopotamia, RAI 40. PIHANS 78, 1996 (2).pdf",100,54ba1b4d-8ef0-4a88-a95a-1cba63d19415,0.24752908708900537,"P4""'.4.11.'""11\n•Uw!•\n-. r 041 I .41r.,\nr\n1111^^\n► i","- Houses and Households in Ancient Mesopotamia, RAI 40."
"Veenhof, Klaas R. ed. - Houses and Households in Ancient Mesopotamia, RAI 40. PIHANS 78, 1996 (2).pdf",100,54ba1b4d-8ef0-4a88-a95a-1cba63d19415,0.24752908708900537,the length 2 1/2 nindan,101     BUILDING WITH BRICKS AND MORTAR\n187\n186\nE.
"Veenhof, Klaas R. ed. - Houses and Households in Ancient Mesopotamia, RAI 40. PIHANS 78, 1996.pdf",199,54ba1b4d-8ef0-4a88-a95a-1cba63d19415,0.199197450530941,"BM 96957 Obvt\n141i72:Ft4g1TW-V64,41*14T\nszAoval.'. 9 ._..y=","Veenhof, Klaas R."
"Veenhof, Klaas R. ed. - Houses and Households in Ancient Mesopotamia, RAI 40. PIHANS 78, 1996.pdf",199,54ba1b4d-8ef0-4a88-a95a-1cba63d19415,0.199197450530941,"P4""'.4.11.'""11\n•Uw!•\n-. r 041 I .41r.,\nr\n1111^^\n► i","- Houses and Households in Ancient Mesopotamia, RAI 40."
